noise_mad,noise_wavelet,noise_laplacian,time_calculate_noise_features,edge_density,edge_strength,time_calculate_edge_features,print_pattern_energy,print_pattern_variance,time_calculate_print_pattern_features,ela_mean,ela_variance,time_calculate_ela,saturation_variance,value_variance,time_calculate_color_features,histogram_entropy,histogram_spread,time_calculate_histogram_features,high_freq_energy,moire_score,halftone_score,time_analyze_frequency_domain,page,type
5.0,1.0483421514997082,187.7410119554264,0.20529149999993024,0.026031038366240534,45.54532488292538,0.10534839999991163,205.90721561236523,327.60763486717855,0.07225429999971311,0.768788692964077,0.8776639677647273,0.17485970000007,0.0,2797.0897535095164,0.05935379999982615,5.717240333557129,256.0,0.0011445000000094296,174.9984730062741,233.21334521861266,72.0,0.07394680000015796,1,original
4.0,1.0483421514997082,254.0757819983926,0.4229104000000916,0.03551927151358098,57.95515006894698,0.20450839999966774,215.02614541018463,332.23331715529815,0.24517390000028172,0.6654945550375556,0.7018132546036954,0.3318924000000152,0.0,2738.767615574903,0.12376880000010715,5.282031536102295,256.0,0.002122599999893282,181.71680827392086,250.05144991209218,118.0,0.1579434999998739,2,original
0.0,0.0,269.8426374537393,0.3001696000001175,0.033041226961269286,50.42692190673722,0.1603527999996004,212.98553549291816,313.43207897628434,0.1719546000003902,0.4046165631526877,0.6187580239391393,0.2694179999998596,0.0,2389.534239287553,0.10673080000015034,3.528839111328125,256.0,0.002414900000076159,180.392792990584,244.3542633782338,137.0,0.11770010000009279,3,original
3.0,1.0483421514996663,154.71652438328073,0.4141703000000234,0.019173400978264973,35.33038478779087,0.19870510000009745,210.52818870651402,367.38115086482435,0.1804906999996092,0.5505711005218146,0.553684891980463,0.3271695000003092,0.0,2143.3915412154442,0.12270219999982146,4.649971008300781,256.0,0.0020985000001019216,176.03575052438214,246.9560000141291,120.0,0.1493728000000374,4,original
5.0,1.0483421514997082,169.7995139520179,0.4109158999999636,0.031192018742348445,49.66723936187427,0.2197836999998799,216.2770131655739,399.768393632321,0.32579479999958494,0.7398298928157534,0.7447432158806666,0.31872740000017075,0.0,2425.538773287419,0.12627529999963372,5.471349239349365,256.0,0.002415700000256038,181.0551624136576,251.81786643743254,108.0,0.15891719999990528,5,original
5.0,1.0483421514997082,202.10555367310235,0.40960050000012416,0.03717145980301779,58.897535978968214,0.20612130000017714,218.6993435284449,390.57137939630366,0.265835899999729,0.7682175451437614,0.7982300622898443,0.34099509999987276,0.0,2925.8768364373805,0.12566070000002583,5.637443542480469,256.0,0.0017118000000664324,182.566470211593,252.93160631243293,103.0,0.15633480000042255,6,original
5.0,1.0483421514997082,193.46258887256604,0.44350440000016533,0.03481699889108893,55.56696965076768,0.20215959999995903,217.77376596564736,397.41375058559856,0.2264537000000928,0.7556865360034414,0.7935606717817165,0.35581290000027366,0.0,2713.9278998656578,0.138104299999668,5.536538124084473,256.0,0.0016897000000426488,183.0042489231495,252.1609486485312,84.0,0.16165940000018963,7,original
5.0,1.0483421514997082,174.28572782829258,0.43036879999999655,0.03483818691359866,45.53401947120131,0.2028656000002229,212.3727297947523,392.64838687564014,0.24640099999987797,0.7019859616539023,0.7154558049444846,0.3368476999999075,0.0,2994.5435121038036,0.12613169999985985,5.669013500213623,256.0,0.0020334999999249703,180.06795109318682,253.20479560649278,102.0,0.14585520000036922,8,original
6.0,2.0966843029994164,126.66936752974597,0.424896500000159,0.028094530141576358,48.57533235316122,0.19353750000027503,210.53886296839582,390.1855809077095,0.2968098999999711,0.8332441298479695,0.7744094859327249,0.34302070000012463,0.0,2037.9267397634344,0.12779050000017378,5.8846330642700195,256.0,0.0015023000000837783,178.16279222405183,251.01122667954237,162.0,0.1878310000001875,9,original
0.0,0.0,92.82645822969917,0.28887329999997746,0.01677508969562379,23.343023625987463,0.15374930000007225,209.28847821524067,362.20973275735446,0.19600760000002992,0.26760074447683746,0.48021830162668144,0.27088050000020303,0.0,1160.6335123997922,0.10979279999992286,2.604534149169922,256.0,0.0036085000001548906,176.69408238663044,242.37291791228915,108.0,0.16485289999991437,10,original
0.0,0.0,60.30540875849554,0.29961420000017824,0.022395252659774406,21.611028358941855,0.15667750000011438,205.57494159421137,399.1890569307752,0.2482836999997744,0.26499729591690285,0.41741567521157635,0.28305679999994027,0.0,886.7901558121383,0.11010269999997035,2.535846710205078,256.0,0.0026542000000517874,170.86373753920768,242.3752049411363,103.0,0.1598942000000534,11,original
6.0,1.0483421514997082,174.8842245306726,0.3524022999999943,0.032557312054964455,47.23289034016826,0.1677042999999685,212.65834174293607,352.38122641999485,0.1384624000002077,0.8065861792624399,1.025099454887179,0.28399899999976697,0.0,1629.189172478511,0.10584480000034091,5.260287284851074,256.0,0.0017600999999558553,181.64758895423842,246.20359533077567,114.0,0.13939559999971607,12,original
2.0,0.0,196.5129758794839,0.3075714000001426,0.03650382698644322,38.67429964493982,0.16334069999993517,209.17777941071975,315.4352557061276,0.24091479999970034,0.5940807888346349,0.9259197007653255,0.2834427000002506,0.0,2179.9564329555396,0.10711469999978362,4.632212162017822,256.0,0.00208440000005794,181.89538723392363,246.45700036085398,115.0,0.14711709999983213,13,original
3.0,1.0483421514996663,274.9679732797287,0.3143001000003096,0.0522860600590745,50.42769474783179,0.1795419000000038,212.34315621658035,293.6210580809922,0.17314130000022487,0.7370936349050068,1.2735412850187435,0.27707120000013674,0.0,3428.658550460333,0.10313229999974283,5.247772693634033,256.0,0.0023022000000310072,186.1376829963278,247.79687254861338,120.0,0.13311670000030063,14,original
3.0,1.0483421514996663,110.48549505134002,0.4207793999999012,0.01655378391116242,29.602569421748935,0.1974993999997423,206.33682035769624,329.99340505849875,0.2783288000000539,0.5102510122860792,0.47721294475461606,0.3308174999997391,0.0,1106.7719623569826,0.12524779999966995,4.403318881988525,256.0,0.002913299999818264,175.73048352890495,243.80774284532427,105.0,0.15228010000009817,15,original
3.0,1.0483421514996663,116.56274627736373,0.4360498999999436,0.016830171747676526,30.487711632214165,0.21430939999982002,209.32348840122515,329.07318198498814,0.2561869999999544,0.5648454070810899,0.6567336746944757,0.3246545000001788,0.0,1850.8927816203727,0.12490239999988262,4.77194356918335,256.0,0.002006600000186154,176.12479939818178,246.8918981182464,115.0,0.15928059999987454,16,original
4.0,1.0483421514997082,241.25595252364172,0.4136116999998194,0.0374434902649722,53.11842563149711,0.2051688000001377,215.30206542659414,346.44024154004296,0.25680469999997513,0.7008978393789855,0.8877268185787608,0.3429932000003646,0.0,3474.10000396179,0.12535299999990457,5.515853404998779,256.0,0.0020150999998804764,183.0194982055645,253.29589440918045,125.0,0.16214829999989888,17,original
4.0,1.0483421514997082,181.55191570489384,0.24599269999998796,0.024145952542881346,43.35373690566418,0.10366250000015498,205.5793871238392,332.7261137732894,0.1199163999999655,0.7393970617562986,0.9123721092230564,0.17603959999996732,0.0,2729.008179473184,0.06114049999996496,5.501224517822266,256.0,0.0009952000000339467,172.87818556055305,232.9895404054288,85.0,0.09968079999998736,1,original
3.0,1.0483421514997082,184.82850728826338,0.4617204999999558,0.02588475455523097,40.554501847755034,0.20294079999985115,212.56355115686424,299.83040916375313,0.31222969999998895,0.6364998114684145,0.7551634600600536,0.31548360000033426,0.0,1924.3300117841184,0.12733669999988706,5.033455848693848,256.0,0.0023624000000381784,182.6855843464067,244.49498685071728,105.0,0.14793970000027912,2,original
4.0,1.0483421514997082,230.35012231232218,0.4299647000002551,0.03300748969441273,55.450288534775275,0.20651020000013887,214.389276820949,346.57503403736763,0.3159626000001481,0.6451983704592518,0.6667595496836296,0.3271900999998252,0.0,2630.063243138659,0.12754659999973228,5.096601963043213,256.0,0.003797100000156206,180.73133887969246,251.5663351923088,97.0,0.22533279999970546,3,original
3.0,1.0483421514996663,51.239816096485654,0.4566152000002148,0.008086774607527733,19.748574820724293,0.20203840000021955,202.87237897051378,361.10603279992904,0.20651330000009693,0.4677849432864256,0.39808873104393017,0.31840299999976196,0.0,656.7239063596037,0.12314229999992676,4.249364376068115,256.0,0.002165800000057061,169.22544773940726,242.13101445733716,109.0,0.16917840000041906,4,original
0.0,0.0,260.2645379887142,0.31041559999994206,0.032076050712689166,50.3688572274015,0.16187170000011974,212.8748117196202,326.89444364447314,0.17417130000012548,0.3959290608625554,0.6056565889363473,0.2747205999999096,0.0,2215.9194011486766,0.1036060000001271,3.382978677749634,256.0,0.002126999999745749,179.51921525997523,245.1837416563647,153.0,0.120887699999912,5,original
3.0,1.0483421514996663,112.55649020048779,0.4283636000000115,0.018696913166661947,34.8243979108031,0.19820560000016485,209.58809233088272,383.2229904601713,0.26892180000004373,0.5583654318446908,0.5793731910698888,0.3236738000000514,0.0,1968.8148445794923,0.12248520000002827,4.663727283477783,256.0,0.0020153999998910876,175.0066852184574,246.72049796130332,138.0,0.16542410000010932,6,original
0.0,0.0,79.61813770107898,0.28147839999974167,0.025903912035237134,29.018048107745354,0.15480139999999665,209.32163963602204,384.0324995585357,0.2601561999999831,0.2989448070510856,0.47989487665167907,0.26656739999998535,0.0,1226.9463485789383,0.10551690000011149,2.7501778602600098,256.0,0.002291100000093138,171.4441340417399,243.8242300598158,129.0,0.1804616999997961,7,original
0.0,0.0,80.5547357439836,0.28415750000021944,0.02597921469891218,28.160578262078136,0.1517602000003535,209.07459480881198,378.3181357656256,0.2377822000003107,0.2720345414146481,0.4640544799401235,0.2850012000003517,0.0,1187.9665228544457,0.11069640000005165,2.4546244144439697,256.0,0.002075500000046304,171.52202613471715,243.33739807403643,113.0,0.1426766000004136,8,original
0.0,0.0,95.29395661132217,0.30282760000000053,0.031238000096513816,32.93346103119106,0.1544318999999632,209.9511718685618,358.54378145426205,0.22651959999984683,0.3511469935145918,0.5591619044772755,0.2700583999999253,0.0,1203.365643548578,0.10530580000022383,3.067211151123047,256.0,0.0032105000000228756,173.9452205965403,243.4089687026285,113.0,0.13350009999976464,9,original
0.0,0.0,21.93584405428083,0.28639990000010584,0.005083244397745148,7.745667052454843,0.14850879999994504,197.27101777429644,392.87791406673756,0.20453839999981938,0.1067602729480733,0.16348637588078963,0.2582723000000442,0.0,540.4127695459301,0.10402150000027177,1.457101583480835,256.0,0.0018559000000095693,160.85165269745985,239.46312404629234,67.0,0.14488410000012664,10,original
0.0,0.0,79.49619943671762,0.28184239999973215,0.027232546198711693,28.30420587340544,0.15082900000015798,208.49048484199267,366.84544038713426,0.15585559999999532,0.2867946967376229,0.4772340997096063,0.2670751000000564,0.0,1087.1803755570313,0.10281390000000101,2.558933734893799,256.0,0.002113799999733601,172.0610855757004,243.28386926604256,118.0,0.14480890000004365,11,original
0.0,0.0,21.59551507141968,0.2856202000002668,0.0045907049817387425,7.344420102282064,0.14644779999980528,197.274383985308,384.56686536835883,0.2111589000001004,0.1046921875803299,0.1606117772985942,0.2606897000000572,0.0,478.86670193920565,0.10594959999980347,1.463371992111206,256.0,0.0018008000001827895,162.11225854178545,237.2406228211522,79.0,0.1480901999998423,12,original
0.0,0.0,93.39356448498842,0.2878316999999697,0.02788698874461399,27.29519765863687,0.15655280000009952,209.3974589689775,342.24622990009146,0.26383869999972376,0.3009994587793013,0.5144518351560927,0.27329069999996136,0.0,3057.7458837593344,0.11044059999994715,3.0780701637268066,256.0,0.0019793000001300243,175.742276349625,249.3255955681097,99.0,0.1693702000002304,13,original
0.0,0.0,84.76056012501736,0.28528000000005704,0.03222380194935735,30.18581190139397,0.15772449999985838,208.57894092323687,363.0522620904637,0.17048060000024634,0.31858351794630285,0.49251596509910744,0.2702033999999003,0.0,1918.51596997406,0.10887289999982386,2.9854819774627686,256.0,0.0013441999999486143,171.96175582260707,245.46309301426496,118.0,0.1338386000002174,14,original
0.0,0.0,112.82546098319084,0.3106354999999894,0.04582058704588298,41.198582737120006,0.15745079999987865,211.51995681746743,347.2249694144276,0.1761090999998487,0.42399632235016727,0.6364944343205311,0.2778139000001829,0.0,2058.9928026348416,0.10447469999962777,3.58774995803833,256.0,0.002194899999722111,175.99166956031644,244.93919787682998,109.0,0.18491809999977704,15,original
0.0,0.0,92.61209069907594,0.28861239999969257,0.03362408232587019,32.21362148506088,0.16253619999997682,209.2511565284601,352.5240274638666,0.1789091999999073,0.34162839219840024,0.5500542587446335,0.2728735999999117,0.0,1901.5907621749354,0.10965039999973669,3.0258965492248535,256.0,0.001932199999828299,173.291929139864,245.0480016695858,112.0,0.1653449999998884,16,original
0.0,0.0,138.45563719553223,0.2886128000000099,0.036957426765963176,36.180681668456344,0.15444469999965804,210.75467480001137,330.3423291596481,0.19408960000009756,0.4206920405317574,0.7112685212717352,0.2745549999999639,0.0,1972.0780198548337,0.10644109999975626,3.3603439331054688,256.0,0.002188500000102067,180.3720760003422,244.17178757613942,107.0,0.1882741999997961,17,original
0.0,0.0,89.06202598563671,0.28043280000019877,0.030538212726900285,29.951787689896342,0.1532497999996849,209.06851837784652,360.1121476570986,0.2141084999998384,0.3180483876083369,0.5338882418915193,0.27034150000008594,0.0,1979.4700279486692,0.10740030000033585,2.8247604370117188,256.0,0.001960300000064308,174.71896182275688,245.62861062328446,105.0,0.145728599999984,18,original
0.0,0.0,34.42254805673406,0.28133299999990413,0.008902067973929879,12.188110583739943,0.14648850000003222,200.56828677509313,388.35892528742323,0.2263054000000011,0.17479416366150996,0.27318329157756477,0.26459750000003623,0.0,805.6548670952831,0.10640849999981583,2.1090612411499023,256.0,0.002009299999826908,165.35876651118838,241.71810468377618,95.0,0.14514879999978803,19,original
17.0,1.0483421514997082,82.01563278866327,0.36942320000025575,0.025607641266380727,40.52529315206813,0.16223440000021583,207.8731430556118,427.2405725287824,0.260450000000219,0.653103893578444,0.6981685216170077,0.2790772999996989,0.0,1995.6685465173061,0.10668940000005023,5.82485294342041,256.0,0.0015220999998746265,171.8433271044458,245.70542724166282,142.0,0.18182969999998022,20,original
2.0,0.0,239.8775536196269,0.31359329999986585,0.05635389514969469,49.343948449656295,0.1637908000002426,211.5347089435148,318.29513495665157,0.20550180000009277,0.6944394240409903,1.2108257753844884,0.28792169999996986,0.0,3121.6509294660377,0.10946740000008504,4.910377502441406,256.0,0.002209300000231451,184.48387016149942,248.94426874053983,115.0,0.14838529999997263,21,original
41.0,1.0483421514996663,86.39981771406559,0.32151410000005853,0.02991759300022012,32.20560254117111,0.16134520000014163,204.74965940143804,396.72121874149906,0.16238549999980023,0.5966570593954068,0.8930851405086254,0.275858700000299,0.0,2552.4388443601274,0.11308879999978672,5.206419467926025,256.0,0.00226829999974143,170.97485002016754,242.4269045435637,106.0,0.14188070000000153,22,original
0.0,0.0,237.3484418260077,0.2913524000000507,0.03411687630308664,29.28965884698719,0.15101709999999002,207.07359325226662,316.9449052808471,0.22576429999980974,0.4471972840041059,1.0743036443027163,0.26993910000010146,0.0,1809.1194772534798,0.10305430000016713,3.007680892944336,256.0,0.002645900000061374,182.46511206002452,244.16354367779513,106.0,0.14410440000028757,23,original
3.0,1.0483421514996663,103.40716196427091,0.40147109999998065,0.015048322340964182,28.423286750398432,0.19150459999991654,208.73985986030812,347.7276739809112,0.320551499999965,0.5268593193788943,0.6528618838410312,0.3179931999998189,0.0,1720.8387712202762,0.13215190000028088,4.525181293487549,256.0,0.0027049000000261003,176.35690521295354,247.41983727069078,116.0,0.17460179999989123,24,original
4.0,1.0483421514996663,178.28395769744625,0.4179183999999623,0.030396391897796957,44.303084973292314,0.19336250000014843,212.44526138587116,357.7211522085265,0.24664869999969596,0.6170836463891461,0.8203739147098816,0.3238422000003993,0.0,3891.093259476347,0.12405540000008841,5.11582088470459,256.0,0.0020577000000230328,180.88795960682737,252.56616618060823,125.0,0.15326909999976124,25,original
3.0,0.0,109.23138147862278,0.43419790000007197,0.017799312047983656,32.80403209978577,0.1987061999998332,211.04026502473985,367.97449535772,0.33052449999968303,0.5050257416033341,0.5522707725848717,0.3274496000003637,0.0,1509.8687649942995,0.12272540000003573,4.399055004119873,256.0,0.0032334000002265384,176.11310637543926,248.53377191411136,131.0,0.196114000000307,26,original
5.0,1.0483421514997082,273.27816076512283,0.41059039999981906,0.05098496109549887,67.8213777002908,0.20416560000012396,220.92721384022244,352.96908146703515,0.3739604000002146,0.7412789390288651,1.0068099823719925,0.3265258999999787,0.0,2790.880525450441,0.12341349999996964,5.5434770584106445,256.0,0.0025802000000112457,186.31520793913168,252.21644541721852,126.0,0.18729290000010224,1,original
4.0,1.0483421514996663,176.75990556936452,0.4241922999999588,0.030804032000381662,48.017734650994434,0.2017033000001902,216.64426701824482,344.7660359258109,0.26842460000034407,0.5708969429120563,0.6731935094371868,0.32898960000011357,0.0,1709.4752012676497,0.12452439999970011,4.955689430236816,256.0,0.002126999999745749,180.87095358791024,246.24252434123332,121.0,0.23678930000005494,2,original
3.0,0.0,148.97082169490716,0.3608539000001656,0.02704245339149027,40.192844715555424,0.2003738000003068,214.92666871866425,377.19932173483875,0.39095709999992323,0.5138624480260657,0.6339085867992452,0.3209222000000409,0.0,1913.2525282884937,0.1261632999999165,4.567713737487793,256.0,0.0025595000001885637,179.47650962164047,248.56483204978738,104.0,0.1971929999999702,3,original
4.0,1.0483421514997082,85.90430236589138,0.3599254999999175,0.01720403689403886,30.652668692221535,0.16386460000012448,201.3092500330997,314.3803006710158,0.2679868999998689,0.7245233802530523,0.6412422295885405,0.2796485000003486,0.0,795.1059126940277,0.10694180000018605,5.213961601257324,256.0,0.0018574000000626256,174.79201825019143,236.29956078954592,116.0,0.14922169999999824,4,original
5.0,1.0483421514997082,82.91126876034964,0.38561170000002676,0.01945612233060226,31.042577540736417,0.16535530000010112,200.48721076612313,298.4982999323618,0.21915850000004866,0.742512620926472,0.6740587953631125,0.28610719999960565,0.0,988.1026131000424,0.11180719999993016,5.434275150299072,256.0,0.002348999999867374,173.43118781048614,238.0362029365753,120.0,0.19388119999985065,5,original
3.0,0.0,59.618461258183885,0.320650999999998,0.02119988613720467,22.191227047682524,0.17238259999976435,199.18882893244464,353.96938284609973,0.2009381999996549,0.4723487617421008,0.5975733537993514,0.25888050000003204,0.0,1543.5043558712657,0.10658849999981612,4.481769561767578,256.0,0.001991000000089116,170.34803891108643,242.2189314187114,119.0,0.14170319999993808,6,original
3.0,1.0483421514996978,155.49185170996552,0.3520051999998941,0.02944169217184018,38.12003437016041,0.1727416000003359,209.27407622079548,319.66691109583536,0.22798969999985275,0.6258063400079826,0.7117441743353096,0.2759452999998757,0.0,1292.1688551955135,0.10617390000015803,5.141726016998291,256.0,0.0016074999998636486,178.41137806959898,240.6528004467655,129.0,0.19076319999976477,7,original
2.0,0.0,54.20491924525706,0.36208739999983663,0.012417023569950177,19.296336892171833,0.16805210000029547,200.53776369365715,333.03876186902863,0.2518838000000869,0.48559028076391636,0.45070626173276757,0.25797510000029433,0.0,542.4410340866514,0.10588839999991251,4.284755229949951,256.0,0.0018665999996301252,169.0636059971958,237.67987855177802,99.0,0.18292419999988851,8,original
9.0,1.0483421514997082,201.275439367426,0.33097849999967366,0.08503886016009654,64.6828584631578,0.1884541999997964,216.07807604796403,330.8203350795966,0.2684385000002294,0.7668206207337307,0.9962631814432308,0.29116060000023936,0.0,3074.653863405529,0.11060039999983928,6.001069068908691,256.0,0.0019462000000203261,183.9682718167238,250.27953581381956,98.0,0.14892860000009023,1,original
1.0,0.0,72.44700146743627,0.31318419999979596,0.03534542021177333,35.76643535374243,0.17763240000022051,210.53584289460943,426.0023871336635,0.2601366999997481,0.45574446096704463,0.6073706205031689,0.2841849999999795,0.0,2717.922379522493,0.10750059999963923,4.256802558898926,256.0,0.0022573999999622174,174.13839256743827,253.84730748228304,104.0,0.18585880000000543,2,original
11.0,2.0966843029993742,294.28036536731304,0.34364159999995536,0.09862182910260174,66.09305843487635,0.16803669999990234,212.82690994264863,341.6405936080572,0.2191754000000401,1.0115445955029214,1.2949388578102705,0.28415799999993396,0.0,2636.9937403211925,0.10335470000018177,6.635819435119629,256.0,0.0025038999997377687,184.96585520129554,248.3363224186453,106.0,0.16617670000005091,3,original
5.0,1.0483421514997082,18.383940229114426,0.37576290000015433,0.0037821070184744813,16.372985379084966,0.1657521000001907,187.7501178618829,368.86050857900244,0.28214310000021214,0.5413743770493208,0.42695965342456366,0.2649483999998665,0.0,224.0052362142384,0.1007104000000254,4.712204933166504,256.0,0.0016095000000859727,159.05218539469752,228.70881392820073,88.0,0.17692630000010467,4,original
10.0,1.0483421514997082,163.5879745892695,0.35967770000024757,0.08329431018737296,57.40283233874274,0.1684362000000874,211.82922737299987,365.6554627028998,0.26904000000013184,0.8427085251773054,0.9399642651300147,0.2765639999997802,0.0,2604.9438965787485,0.10213479999993069,6.471055507659912,254.0,0.0014455000000452856,179.19519053328665,248.06162900881054,111.0,0.17650509999975839,5,original
5.0,1.0483421514997082,17.686161034688464,0.34133220000012443,0.006071722226221335,16.516827270660375,0.15953639999997904,188.94448520298576,378.1515334465919,0.19551180000007662,0.5135094780160061,0.3952475653201912,0.2674158999998326,0.0,190.60058894125115,0.09938839999995253,4.797946929931641,235.0,0.0016992999999274616,158.5477608181992,228.2584586450443,99.0,0.17585019999978613,6,original
4.0,0.0,84.17627639081645,0.3122343000000001,0.02240160150113258,29.67058266152123,0.16009310000026744,205.3984758698415,377.86700991278394,0.27362489999995887,0.4874343563568963,0.5415102784737004,0.27537049999955343,0.0,1364.1017391467024,0.10492149999981848,4.6690754890441895,256.0,0.0018161000002692163,170.42728203736164,243.47379678678826,106.0,0.15122169999995094,7,original
0.0,0.0,7.753189615835009,0.29397149999977046,0.003642608172966792,6.145269878603172,0.15099569999983942,183.18206199164382,403.32435528132845,0.28156699999999546,0.17462436569619025,0.18903546627282827,0.26313400000026377,0.0,134.3165671899603,0.10683709999966595,2.2783620357513428,255.0,0.0026484999998501735,149.3531149639412,227.0182128361201,83.0,0.1585259000003134,8,original
2.0,0.0,45.90456091406306,0.29407450000007884,0.016994449590196255,21.291550403083072,0.15646360000027926,199.39633326886076,379.4356216516296,0.2263557999999648,0.4277547350896947,0.5047640530021759,0.2758860000003551,0.0,729.0893464104171,0.10338519999959317,4.195411682128906,256.0,0.0022435000000768923,169.3624668608104,237.11155156062182,104.0,0.18690349999997125,9,original
0.0,0.0,9.07906939450311,0.27911109999968176,0.003325248523471106,4.86270967406395,0.14960460000020248,183.8079520830204,428.86902944878705,0.2499017999998614,0.12826439418950528,0.1511692824144492,0.26797579999993104,0.0,136.22400964696402,0.10882169999968028,1.855730652809143,256.0,0.0020938000002388435,150.3542376494984,228.2966870103013,77.0,0.14536649999990914,10,original
2.0,0.0,266.98325403846553,0.14100229999985459,0.03212934832256774,43.82310314839933,0.07808849999992162,205.6063008975672,283.173316846518,0.11795810000012352,0.49340331714928565,0.7248166438511549,0.13795930000014778,0.0,1533.9032576738384,0.050710500000150205,4.15999174118042,256.0,0.001450100000056409,176.27372829907065,228.36411088171045,116.0,0.06329879999975674,1,original
3.0,1.0483421514996663,170.59514528514603,0.3271381999998084,0.06520204934306155,48.58588389952342,0.1838303999998061,213.1630090736929,360.75282840960097,0.23901230000001306,0.631857991569349,0.9225592628879262,0.2876452000000427,0.0,2060.4886937758156,0.10718069999984436,5.061314582824707,256.0,0.0023599999999532884,180.4493321191696,249.25102071142555,115.0,0.14774050000005445,2,original
0.0,0.0,107.21152895276478,0.29247010000017326,0.01709513621958473,23.54866042587732,0.15548730000000432,209.96567823325822,304.5635431601678,0.2893392999999378,0.24872668643307974,0.4162650011015213,0.27814200000011624,0.0,953.7352043454323,0.11169930000005479,2.3484575748443604,256.0,0.002044600000317587,174.441875612062,239.16963526910206,120.0,0.16725709999991523,3,original
4.0,1.0483421514997082,139.42889370807126,0.36742569999978514,0.017534338182629314,36.050317251365655,0.17378660000031232,207.62059142883618,342.67622753653046,0.2615920999996888,0.6519042381305514,0.5648742633316514,0.28549370000018826,0.0,953.177527217745,0.10549970000010944,5.254297256469727,256.0,0.0013984000001983077,173.96453859782778,241.9434237220816,116.0,0.16433219999998983,4,original
5.0,1.0483421514997082,171.42822782737622,0.3630499000000782,0.022919404940034655,39.283532369849745,0.16495320000012725,208.9938254748013,295.4400225420876,0.2001375999998345,0.6950521200489365,0.6960546445408297,0.2841131000000132,0.0,1588.3212210255363,0.10654169999997976,5.375654697418213,256.0,0.0016102999998111045,178.8661363225735,241.16885086865258,138.0,0.17055729999992764,5,original
4.0,1.0483421514997082,78.53267836187612,0.3470572999999604,0.012556268106641242,29.28340297539356,0.16231520000019373,205.87837454226445,367.64431003988597,0.13807009999982256,0.6201569318640214,0.5324438438677512,0.2618352999998024,0.0,1985.565963988609,0.10379400000010719,5.271635055541992,256.0,0.0016332000000147673,171.25245534592554,243.17809964357428,105.0,0.12988899999982095,6,original
5.0,1.0483421514997082,92.85399194484702,0.3498728000004121,0.011962165259893643,29.86482965735508,0.1705098000002181,204.98267123781258,293.1644502308669,0.2753437000001213,0.6494476809692722,0.5622070350617127,0.2799377999999706,0.0,677.5002746733591,0.10501539999995657,5.088423728942871,256.0,0.001787500000318687,174.289287670844,234.47443239322476,119.0,0.13950049999994008,7,original
4.0,1.0483421514997082,98.14060743617557,0.38213489999998274,0.017826244425936093,30.20367390787201,0.16888239999980215,201.72103742987733,354.6744729075515,0.20653129999982411,0.6329788841478408,0.544927107492815,0.2786007999998219,0.0,1073.6339037877792,0.10789800000020477,5.207441806793213,256.0,0.001343899999938003,170.37975923854543,239.04416878145437,130.0,0.14354929999990418,8,original
5.0,1.0483421514997082,24.72558369771471,0.36226940000005925,0.0023264261291239263,19.442520746586183,0.16218579999986105,180.49317499268068,296.3332985647788,0.1408212999999705,0.648783332874992,0.4856058220155633,0.27782329999990907,0.0,101.3197898751121,0.10564329999988331,4.86948823928833,254.0,0.0015269000000444066,157.6718981544869,216.1522389932682,104.0,0.13812060000009296,9,original
5.0,2.0966843029993956,223.2775213196261,0.3824558999999681,0.03190807174658661,48.57432609602878,0.16654449999987264,208.0688346825064,329.473844192535,0.22766530000035345,1.046251073066926,1.1491930088689575,0.2917339999999058,0.0,1316.1129700202048,0.10559430000012071,5.5772223472595215,256.0,0.0017668000000412576,183.1777414624725,240.00094239149652,108.0,0.16423070000018924,10,original
5.0,2.0966843029993956,127.21880960315177,0.4157791000002362,0.01618191805998956,35.964208678470044,0.1878790000000663,196.61799636113338,318.16328914761027,0.24092549999977564,0.9556397305439959,0.9008923216482225,0.2883827000000565,0.0,610.7981368109389,0.10568889999967723,5.2201313972473145,255.0,0.0014817999999650056,174.22163421463006,228.5487940200167,117.0,0.17623090000006414,11,original
3.0,1.0483421514996663,247.64654253776828,0.3174521000000823,0.033123922834431614,53.44874179926095,0.1671332999999322,220.11685060594235,274.1808785872752,0.19146530000034545,0.612891994288888,0.8322876744855972,0.2902782000001025,0.0,2347.402454443375,0.11719739999989542,4.633991241455078,256.0,0.0017685000002529705,184.40809427864136,248.62043894331603,112.0,0.17806459999974322,1,original
0.0,0.0,301.5934936137346,0.30686310000010053,0.04157573897951845,59.424437659773986,0.16058569999995598,222.19808231556289,260.512275410261,0.17835680000007414,0.4698210662366349,0.8470283266886491,0.27668930000027103,0.0,2686.450781084302,0.10298710000006395,3.50001859664917,256.0,0.0019983000001957407,184.62493728790992,249.41554402727667,104.0,0.13322310000012294,2,original
3.0,0.0,173.43110163351224,0.33907619999990857,0.023854704288613488,39.56155063007421,0.16301619999967443,215.35842653512546,279.1762186795331,0.1846306000002187,0.5279868458253352,0.634707082015377,0.27303170000004684,0.0,1622.6523835069627,0.10542910000003758,4.333118915557861,256.0,0.002500699999927747,179.97616605561672,244.62393072262324,114.0,0.1294287999999142,3,original
7.0,1.0483421514997082,491.5629833186367,0.3822920000002341,0.010107754499113037,27.707631508353657,0.18080950000012308,204.52059977105492,286.3668967837495,0.2051131000002897,0.8349455910670597,1.064087985735007,0.3147039999998924,0.0,619.2243474534896,0.11966500000016822,5.4203596115112305,256.0,0.0018725999998423504,182.29515583241258,233.50669880029704,197.0,0.16185499999983222,1,original
7.0,1.0483421514997082,1284.3165254871794,0.4007612999998855,0.019053193894435855,42.72792662818126,0.20464300000003277,213.24062163746615,263.00760595412515,0.2895868000000519,0.8435162080205316,1.3893630622451953,0.33149649999995745,0.0,1273.3727183562755,0.13038280000000668,5.249917984008789,256.0,0.002245499999844469,192.05670419501158,238.65465036048312,207.0,0.20055699999966237,2,original
9.0,1.0483421514997082,230.77610936871733,0.37070470000026035,0.03948350087119689,54.044373059431756,0.18536680000033812,216.65059583894262,285.51286059274986,0.21079260000033173,0.849221391234419,0.9800537484125418,0.30764070000032007,0.0,5408.56258463664,0.11263230000031399,6.439138889312744,256.0,0.00206320000006599,185.64958961064434,246.56129334417744,107.0,0.18969379999998637,1,original
6.0,1.0483421514996663,149.14787919185042,0.41100630000028104,0.023212253577297826,35.89969282550646,0.19382649999988644,208.38713154669563,308.27887143710984,0.22511869999971168,0.5625679016165742,0.603895189888823,0.30055780000020604,0.0,2037.1670950868,0.11897410000028685,5.360386848449707,256.0,0.0018574999999145803,176.5298806740469,244.29104944924234,113.0,0.15022030000000086,2,original
9.0,1.0483421514997082,378.777594944532,0.39891050000005635,0.045436636692314826,57.37654843770908,0.1911104000000705,217.16192032065365,265.7886146827685,0.18267939999986993,1.016917118170363,1.4535978802426601,0.3109729000002517,0.0,5496.762053547693,0.11136219999980312,6.399060249328613,256.0,0.0014718000002176268,187.76406824082335,244.61173413526257,105.0,0.13477689999990616,3,original
5.0,1.0483421514996663,106.00112304465304,0.3717309999997269,0.011896610345576639,23.055823884734163,0.18466890000036074,200.35215176830624,308.1804257176345,0.28612799999973504,0.550443315008015,0.5958062362509688,0.2969181000003118,0.0,1452.4438541154395,0.12031729999989693,5.10457181930542,256.0,0.002323799999885523,172.69027871146776,238.84447754488616,117.0,0.16877619999968374,4,original
9.0,1.0483421514997082,198.61100756172974,0.3828985999998622,0.037299954969679264,50.11029756825577,0.1806229999997413,215.86436353113416,289.1781811337939,0.2896526999998059,0.8259105086926304,0.9475685299753924,0.30704940000032366,0.0,5306.899292884895,0.1106590999997934,6.384161949157715,256.0,0.0025264000000788656,184.63670499478596,247.3235484487387,116.0,0.1531989000000067,5,original
5.0,1.0483421514997082,149.86049983863134,0.38384890000043015,0.01721019781509611,33.47017173901577,0.1815121999998155,208.76189990507567,301.4860551506157,0.20649870000033843,0.6097991307693574,0.6040285857251774,0.31082180000021253,0.0,1144.4201771831779,0.12298400000008769,5.234958648681641,256.0,0.002211999999872205,179.20927913951476,240.55042689109456,101.0,0.21081899999990128,6,original
3.0,1.0483421514997082,80.04998987216034,0.37607930000012857,0.014920882689862662,26.15001124474632,0.16643770000018776,205.4870105474989,295.63115922722494,0.27407270000003336,0.6009095601084423,0.5130599660592914,0.2811773000003086,0.0,711.8020352135035,0.10263309999982084,4.883219242095947,256.0,0.0020995000004404574,171.6266929127714,238.77748838670976,101.0,0.15299140000024636,7,original
0.0,0.0,213.36725883787452,0.29639399999996385,0.026521530859217428,29.710142575760408,0.16288239999994403,206.32538865013615,397.1713713085112,0.14124439999977767,0.5525152187465621,1.305452940607804,0.2712799000000814,0.0,2088.280738880819,0.1076786000003267,3.659050941467285,256.0,0.002155399999992369,176.17495419753718,241.52765439883765,100.0,0.12453170000026148,1,photocopy
0.0,0.0,212.66437529303872,0.2875413000001572,0.03609274391476337,37.95933771030163,0.14986480000015945,207.5376452960397,324.9756558474275,0.22052550000034898,0.3731769726918862,0.8078510463027344,0.266019199999846,0.0,1530.8393537440627,0.10472770000023957,2.6419529914855957,256.0,0.0028173000000606407,177.80725673478915,241.96236415086543,108.0,0.1510321999999178,2,photocopy
0.0,0.0,212.17672522067954,0.28958430000011504,0.03228656958117772,38.31927306523917,0.15796850000015183,208.21174115306863,325.53266800705194,0.17485779999969964,0.3798023804927733,0.8403586280555987,0.2723846999997477,0.0,1562.9897203541675,0.10686399999985952,2.608825922012329,256.0,0.0025157000000035623,178.5548179317306,240.59010534393082,123.0,0.14641419999998107,3,photocopy
0.0,0.0,117.56377346650008,0.27640450000035344,0.01965723535601431,22.359410303996913,0.14593310000009296,204.14624056714172,342.6122583383077,0.19815860000016983,0.22424491082232548,0.5367401816316754,0.26247200000034354,0.0,1151.5905563407634,0.1066424000000552,1.7065351009368896,256.0,0.002316300000074989,174.38774152418145,237.14922270390971,109.0,0.15295860000014727,4,photocopy
3.0,0.0,184.8702520969433,0.32510599999977785,0.029929832709434043,41.5801010253107,0.18175060000021404,212.68774158207805,361.91321937454074,0.2310790999999881,0.6265337436517181,1.0050933785826381,0.2786354999998366,0.0,1809.6324673539552,0.10519869999961884,4.4008355140686035,256.0,0.0031051000000843487,181.80476080673256,244.63421878644473,115.0,0.20004900000003545,5,photocopy
1.0,0.0,194.14494552737838,0.31582350000007864,0.03567097344889382,44.84420306413983,0.16563089999999647,213.66162074709686,350.4459236320916,0.27636030000030587,0.5261612957929811,0.9124582237464811,0.2736303000001499,0.0,1836.5563176264136,0.10688399999980902,3.797797679901123,256.0,0.00274970000009489,182.0437824249025,243.701360803196,100.0,0.13787150000007387,6,photocopy
2.0,0.0,199.42759122074617,0.2968775000003916,0.03295037516279807,45.12657624143464,0.16426040000033026,213.66613241822105,358.05850478448565,0.30556139999998777,0.6090124049495195,1.0166089927308721,0.2805521000000226,0.0,1966.011591343982,0.10653320000028543,4.290023326873779,256.0,0.002289900000050693,180.3864377382608,244.71579753615902,104.0,0.15257969999993293,7,photocopy
0.0,0.0,166.32633715533433,0.29295639999963896,0.0358339844848101,33.145024127011254,0.16223840000020573,207.76202531403692,370.0707375555797,0.14170839999997042,0.4998107931656059,0.9620836145043189,0.27157420000003185,0.0,2120.014765630129,0.10463399999980538,3.649885654449463,256.0,0.002205700000104116,177.7210248590538,244.98489469878908,96.0,0.13254209999968225,8,photocopy
14.0,2.0966843029994164,352.0797184249776,0.3976972000000387,0.030809095290276065,53.674740724003684,0.16822799999999916,207.93654517171504,368.22934337786535,0.2515414000004057,1.1846390408150353,1.917807134946545,0.2836953999999423,0.0,1918.6414061238604,0.10490520000030301,5.980804920196533,256.0,0.0017444000000068627,181.26380092469094,245.26985556565452,123.0,0.1466193999999632,9,photocopy
0.0,0.0,80.66237534239778,0.2781448000000637,0.016371805627406893,17.542529497254776,0.14243960000021616,205.1571998352329,354.46532963518683,0.24859939999987546,0.18403185849978085,0.46322436340562084,0.2572012000000541,0.0,719.6386355708474,0.10586670000020604,1.3893539905548096,256.0,0.0017723000000842148,173.6420548781082,236.7665495321483,106.0,0.14751539999997476,10,photocopy
0.0,0.0,251.999849233585,0.2907265999997435,0.027596202242049873,19.382944379205334,0.15165760000036244,203.21989605281155,374.47811704645017,0.1787945999999465,0.36736570578814914,1.0652635546600988,0.26486170000043785,0.0,666.5246543603066,0.10359749999997803,2.1476852893829346,256.0,0.002752399999735644,176.67579061442046,238.18357545697927,107.0,0.14513050000005023,11,photocopy
0.0,0.0,324.645395715921,0.2800357000000986,0.03406267157921855,32.369871404662426,0.15590400000019144,210.15867719408715,333.94553046454024,0.2465991000003669,0.5222120004275491,1.4180066695178541,0.2739854000001287,0.0,1132.0959261957844,0.10614820000000691,2.9207334518432617,256.0,0.0023160999999163323,181.31757644405317,241.545526566358,105.0,0.14940900000010515,12,photocopy
0.0,0.0,178.2761274730113,0.28566060000002835,0.03254010474469627,28.44141365810974,0.1585376000002725,206.0114087983776,326.5734353860751,0.2128826999996818,0.4629874939235235,1.085115302823593,0.27688139999963823,0.0,1539.8446530341598,0.10631579999972018,3.1471686363220215,256.0,0.0020053000002917543,178.66725758944995,243.63072376429932,117.0,0.14106330000004164,13,photocopy
0.0,0.0,253.37058166347398,0.27744440000014947,0.042331884946209965,37.96934699016018,0.1607334999998784,209.30428506354193,300.7171088544036,0.23389739999993253,0.60590220043076,1.4530642544136485,0.28189839999959077,0.0,2093.9392627835086,0.11303970000017216,3.713090658187866,256.0,0.001630600000225968,180.97721257782874,243.3152563095579,124.0,0.1505272999997942,14,photocopy
0.0,0.0,97.92110720256287,0.28977230000009513,0.016015759596304056,18.49052588017124,0.15387909999981275,199.62118419056665,328.400302781837,0.2165477000003193,0.24747778782556756,0.5035539231614549,0.26421410000011747,0.0,678.4976255133379,0.10577120000016293,2.1212782859802246,256.0,0.001923399999668618,172.36227831153312,235.59666372370614,91.0,0.14887529999987237,15,photocopy
0.0,0.0,124.71613601189685,0.28599819999999454,0.019268153282870213,18.77791939157809,0.15036689999988084,201.84942152142366,321.0568986776259,0.20422740000003614,0.2793371922237502,0.729370963491445,0.25553339999987656,0.0,990.1006798055147,0.10422130000006291,1.938035488128662,256.0,0.0016934000000219385,174.35312145894082,236.56379636680006,102.0,0.14599379999981466,16,photocopy
0.0,0.0,265.8581205029402,0.29466839999986405,0.04347401292961759,39.45007525898623,0.15591059999997015,208.85791667955175,339.0661155905095,0.17710780000015802,0.5558904634939187,1.2906038849300567,0.2738236999998662,0.0,2197.97460489765,0.10863050000034491,3.5525827407836914,256.0,0.0022117999997135485,181.24763932478336,245.6897284807173,101.0,0.16640529999995124,17,photocopy
0.0,0.0,230.97078788937995,0.2878240000000005,0.02572705164928495,29.201965675991282,0.1596431000002667,206.2513002318915,405.58008028556685,0.15695279999999912,0.5384350743490715,1.3371246641701768,0.27372150000019246,0.0,2075.5187821737813,0.10458420000031765,3.513331651687622,256.0,0.0029532999997172737,176.0408909396977,242.4543563741281,102.0,0.15389809999987847,1,photocopy
0.0,0.0,159.05683379314067,0.28865059999998266,0.027286723450862613,24.558658056676816,0.15302539999993314,204.51800687622406,293.8683841514872,0.27247170000009646,0.31725970905275097,0.7953294782581184,0.26229749999993146,0.0,1018.8635915295845,0.10275430000001506,2.1874372959136963,256.0,0.0024822000000312983,177.5351964726436,233.76706307259917,113.0,0.1446696000002703,2,photocopy
0.0,0.0,479.7487559372077,0.29519810000010693,0.0367622045150287,45.098212089789264,0.16052840000020296,209.7801109313024,323.3505574167461,0.2107694999999694,0.5997787874342093,1.5353278958283372,0.27630039999985456,0.0,1890.8029372440542,0.10415540000030887,3.399190902709961,256.0,0.002408500000001368,183.14452167237866,244.2020316993361,117.0,0.1413473999996313,3,photocopy
0.0,0.0,87.09532071785034,0.28017069999987143,0.008614313921625934,10.492357631888506,0.1452632000000449,197.84730731667477,326.3864907147779,0.23158339999963573,0.16127448760749025,0.40330699287676053,0.25753999999960797,0.0,415.8135333566015,0.10694370000010167,1.3254170417785645,256.0,0.002021199999944656,170.95522048487598,232.69216317305177,92.0,0.14870829999972557,4,photocopy
0.0,0.0,212.98585772118898,0.28261490000022604,0.03144323627150385,39.55534027216995,0.15652360000012777,208.60364083586194,341.97728166694674,0.2088698000002296,0.3934460315420346,0.8680082967137825,0.2797251000001779,0.0,1517.70297633783,0.103648400000111,2.7167065143585205,256.0,0.0021058000002085464,177.40298952200382,241.09166405603798,129.0,0.13884530000041195,5,photocopy
0.0,0.0,257.6425276344119,0.28367649999972855,0.023911134919572044,24.904608449054344,0.14820090000011987,205.6727051766058,334.63386702713177,0.17490819999966334,0.320935649621869,0.9577078779464795,0.264523900000313,0.0,1127.946644519323,0.10559019999982411,1.9502894878387451,256.0,0.002017599999817321,178.75507918970723,237.93116689719545,120.0,0.16664959999980056,6,photocopy
0.0,0.0,101.10182830931511,0.2860685000000558,0.025884683967956294,22.882111638422284,0.1623688999998194,205.29261638711773,388.76749015658777,0.13955440000017916,0.31316509201820386,0.7398385464006468,0.2650459999999839,0.0,836.4331321934563,0.10378799999989496,2.2309234142303467,256.0,0.002101499999753287,175.02773256801763,240.90170903431545,120.0,0.13576570000032007,7,photocopy
0.0,0.0,87.48552919832073,0.27847520000022996,0.025255396252075263,20.66562357993344,0.14731170000004568,204.41473750808038,370.4056238795772,0.14060609999978624,0.266509323386065,0.6516058996008575,0.2535675000003721,0.0,706.1861805251848,0.10921280000002298,1.8110764026641846,256.0,0.00200570000015432,174.27113312080368,239.4672452043359,113.0,0.14585650000026362,8,photocopy
0.0,0.0,124.26409214232042,0.28612470000007306,0.031164226019421933,25.308147185358198,0.1536922999998751,205.4685894442599,368.18638826013654,0.2618867000001046,0.3674452646854691,0.8815211837078237,0.24553310000010242,0.0,808.9137363645114,0.10415850000026694,2.4027493000030518,256.0,0.002618100000290724,175.66165600088726,239.63983582237566,109.0,0.1832644999999502,9,photocopy
0.0,0.0,22.950524318463977,0.27759340000011434,0.005788936388442219,6.377015415382365,0.14337299999988318,194.01283207143084,403.88424857331904,0.15634719999980007,0.0721969128271959,0.17251838858508137,0.2587178000003405,0.0,398.2029333747076,0.1017415000001165,0.6996636390686035,256.0,0.00165610000021843,160.7448499169019,236.30220423588332,68.0,0.14512899999999718,10,photocopy
0.0,0.0,101.32551049373673,0.27453830000013113,0.027178182917002417,21.58848666182067,0.15087709999988874,203.7062511704548,379.848222221864,0.18125340000005963,0.3247616932825434,0.7592274837747016,0.2661654000003182,0.0,728.8902034901688,0.10415539999985413,2.242264747619629,256.0,0.0025708000002850895,172.35183716244472,239.36072292327304,105.0,0.12647700000024997,11,photocopy
0.0,0.0,22.469196343192895,0.2751303000000007,0.005275733348516842,6.303529425167647,0.14226270000017394,194.54965987424742,390.67067499171924,0.20275500000025204,0.07358246378285624,0.16178175896367275,0.26166779999994105,0.0,365.7144535308652,0.1088448000000426,0.7985050082206726,256.0,0.0021084999998493004,161.281565077578,233.43151541225848,64.0,0.14428600000019287,12,photocopy
0.0,0.0,118.63537079844738,0.28547630000002755,0.031790585149833496,23.460872758788653,0.15027680000002874,203.86613092599328,368.60767576619554,0.1989545999999791,0.38052307001723745,0.8500875864840457,0.26560950000020966,0.0,1334.9642091734727,0.10464730000012423,2.6401021480560303,256.0,0.0025894999998854473,174.4725578630709,240.5484276300566,128.0,0.1470897000003788,13,photocopy
0.0,0.0,144.11859872717943,0.28061829999978727,0.02996101112530038,21.69417468489078,0.1467612999999801,203.93211343513318,354.168983682396,0.20383319999973537,0.34654927676902675,0.9319707098785668,0.2635486999997738,0.0,1850.1596230335326,0.10425510000004579,2.2603001594543457,256.0,0.003045100000235834,175.830915180435,243.19678675301782,101.0,0.14629359999980807,14,photocopy
0.0,0.0,175.18103619377715,0.27691539999977977,0.04687472720740324,31.13457251245774,0.15258730000005016,206.18145470773808,345.1514384548899,0.24546149999969202,0.5195196599040137,1.18946080681792,0.2757395999997243,0.0,1343.7876760179631,0.105266500000198,3.1815574169158936,256.0,0.002263200000015786,177.6055168584243,239.0583664270448,92.0,0.14448219999985668,15,photocopy
0.0,0.0,102.3157673690205,0.2826978000002782,0.035346438937467854,23.230439641940425,0.14940959999967163,203.48267928428714,362.42497313485245,0.24903420000009646,0.3552824647292233,0.8217259785666039,0.26154079999969326,0.0,1175.8815782866122,0.10454479999998512,2.3686699867248535,256.0,0.002002900000206864,172.98734430841674,240.63832461005327,101.0,0.13809230000015305,16,photocopy
0.0,0.0,165.73191337979307,0.29476160000012896,0.040352599154042594,27.232094859621238,0.1562221999997746,205.7178937026981,338.5497125304883,0.20381730000008247,0.4464207493138888,1.0720534896670169,0.26474549999966257,0.0,1229.8507419591426,0.10392159999992145,2.8375227451324463,256.0,0.0030081999998401443,177.21258383601847,240.18007190872757,107.0,0.14566359999980705,17,photocopy
0.0,0.0,107.58953681153926,0.28110960000003615,0.03408851051048576,21.934252434712686,0.15046449999999822,203.8018294966769,361.33398537393776,0.20560139999997773,0.3340666017416212,0.819053787975303,0.26428409999971336,0.0,1269.8215281020775,0.1039082000002054,2.213984727859497,256.0,0.0021827999999004533,174.53904428695873,241.7797779401299,100.0,0.14254619999974238,18,photocopy
0.0,0.0,66.64217174263815,0.27901010000005044,0.009813341156624739,11.286644422732092,0.14892950000012206,197.9446325194233,393.9941420876199,0.1358117000004313,0.20657878451721734,0.5049510584039132,0.26054000000021915,0.0,612.8028924528944,0.10648080000009941,1.7188234329223633,256.0,0.001953100000264385,167.07047646339245,238.95360809587626,87.0,0.1257808999998815,19,photocopy
9.0,1.0483421514997082,228.77692181771388,0.3144640000000436,0.02866262145562853,42.57046370134355,0.16624369999999544,207.26889882367075,415.5155910399445,0.21887459999970815,0.8614582182995099,1.5345444286458403,0.3214889000000767,0.0,1655.1623369428016,0.10631160000002637,5.266592979431152,256.0,0.0014768999999432708,177.0587226986348,243.9376315562283,108.0,0.14545099999986633,20,photocopy
0.0,0.0,296.3602041259411,0.3032508000001144,0.051577939382076075,38.87108509581615,0.16486299999996845,208.54930878673528,325.40775558536785,0.2318209999998544,0.6766916930474082,1.6293852300411888,0.2731282999998257,0.0,2152.147936220615,0.10699139999996987,4.010104179382324,256.0,0.001717099999950733,181.591965892988,245.50275018654216,93.0,0.14701179999974556,21,photocopy
2.0,0.0,291.6487306832785,0.32216040000002977,0.04031362846715589,35.8254446181539,0.15943719999995665,204.78479771006292,374.1714733070841,0.2314331000002312,0.8613133039532562,1.9375114862407812,0.27235380000001896,0.0,1902.1413064251094,0.10393279999971128,4.6392693519592285,256.0,0.002255899999909161,177.43069884261513,239.7045135608704,108.0,0.18462540000018635,22,photocopy
0.0,0.0,146.40375710367124,0.27589480000006006,0.025075215342556086,21.89313677073508,0.14879860000019107,204.01974513051667,331.0700199247101,0.2394907999996576,0.3452676155019164,0.8660332982353576,0.2646695999997064,0.0,1262.7536023552614,0.10384139999996478,2.4669582843780518,256.0,0.0018998000000465254,175.43616744779564,240.9856011157552,105.0,0.15090390000023035,23,photocopy
0.0,0.0,109.15990279292869,0.2859373000001142,0.01772542963730304,17.862515891776276,0.14923610000005283,201.62598638346114,338.09595412706403,0.2663785999998254,0.26994105109668226,0.687518413202913,0.2619494000000486,0.0,919.7859897018392,0.10278040000002875,1.9368492364883423,256.0,0.0017125999997915642,172.75557066245446,236.70640652468876,99.0,0.15281469999990804,24,photocopy
0.0,0.0,238.98999866911586,0.28356299999995827,0.039278147684158514,33.616870866040294,0.1626696999996966,206.3792194126662,350.15583367938495,0.20942230000036943,0.48761292758089014,1.1922401223478527,0.25548440000011396,0.0,2490.8515346962727,0.10389540000005582,3.1870405673980713,256.0,0.002560099999755039,179.05497344215019,244.56170262170457,110.0,0.14786599999979444,25,photocopy
0.0,0.0,99.60635012612414,0.2829946000001655,0.0182536233383691,20.96035363773364,0.15240619999985938,205.05634471913189,349.56079755630105,0.16233299999976225,0.2162638052468561,0.5032485919825025,0.2652969999999186,0.0,876.704142313618,0.10826869999982591,1.6811742782592773,256.0,0.0027064000000791566,173.2013826997901,240.0768082844007,111.0,0.12805669999988822,26,photocopy
0.0,0.0,291.0841658156949,0.2823199999997996,0.04608982495017049,51.19445577659205,0.1626168000002508,214.7305468291538,325.9246356189996,0.2335617000003367,0.6407313212272552,1.4342822996103513,0.27969370000027993,0.0,1713.466468890143,0.1057807000001958,3.7696213722229004,256.0,0.002037599999766826,183.5845205501288,243.06134502399675,137.0,0.1413727000003746,1,photocopy
0.0,0.0,154.314854159177,0.2819774999998117,0.03102893953539509,31.488313200775007,0.15210280000019338,209.02282231522562,314.28262243719877,0.16392140000016298,0.35941431361440923,0.8018059219177452,0.2753075999999055,0.0,887.7404718630911,0.11058920000004946,2.4079267978668213,256.0,0.002042100000380742,179.20227713280374,236.43621006500948,126.0,0.15131479999990916,2,photocopy
0.0,0.0,149.61096902711733,0.28914409999970303,0.02711400940018727,28.14892688164505,0.1539188000001559,209.113390678921,342.3081263060863,0.21381979999978284,0.37427800319459487,0.8528901625291515,0.2720844999998917,0.0,1178.6260219335682,0.11008080000010523,2.6027872562408447,256.0,0.002083600000332808,177.0596983234111,241.58821614298446,116.0,0.14637949999996636,3,photocopy
0.0,0.0,67.05429379693565,0.3096821999997701,0.015454151488434273,16.659164482038783,0.15712989999974525,197.9938018390496,334.43247085447297,0.2478449999998702,0.3928129608789562,0.6333413926637605,0.2808781999997336,0.0,597.3361700282392,0.1038644000000204,3.231369733810425,256.0,0.0019674999998642306,169.64244387779686,233.6141107309713,109.0,0.15251070000022082,4,photocopy
0.0,0.0,96.24123176348377,0.2994923999999628,0.01960155452798794,15.270018646339174,0.15275700000029246,196.69399833113295,352.4230734246609,0.14155010000013135,0.32756988940880133,0.768631281887273,0.2624249000000418,0.0,958.5467985749364,0.10201520000009623,2.5658559799194336,256.0,0.0024340999998457846,168.57501101110714,238.2142565908507,105.0,0.13621890000013082,5,photocopy
0.0,0.0,96.49894757499267,0.2921422999997958,0.018307065265728565,16.73139913819947,0.1559823000002325,196.72329823111107,319.66821020261426,0.2107323999998698,0.4099282909584177,0.765319825503514,0.25029229999972813,0.0,642.9365909566135,0.10636060000024372,3.2494115829467773,256.0,0.0021893000002819463,170.80475896395993,234.843061419042,105.0,0.151089100000263,6,photocopy
0.0,0.0,174.44754276834502,0.2914275000002817,0.031075236532326085,26.79013414685719,0.15401710000014646,204.87794442081307,323.8750335742879,0.13988670000026104,0.46907293996846233,1.06164963562736,0.27126300000008996,0.0,873.9029133237219,0.10932909999974072,3.1197001934051514,256.0,0.0021337000002858986,176.49977454682363,236.31660692404307,113.0,0.1234905000001163,7,photocopy
0.0,0.0,41.31058862362753,0.28025239999988116,0.010924938896905092,9.045347631107646,0.14519770000015342,195.72934867405502,334.64299382580543,0.23008419999996477,0.1448918908368984,0.3265002741735408,0.2649788999997327,0.0,309.91668823322055,0.10449620000008508,1.3276628255844116,256.0,0.002364399999805755,164.7594237993299,232.75516751732386,89.0,0.14510130000007848,8,photocopy
1.0,0.0,356.30340191928315,0.32441319999998086,0.0772273250954384,47.83015453106523,0.17120400000021618,211.35971793339567,332.76061173615483,0.17881919999990714,0.830293130638692,1.9399369304845708,0.2853740000000471,0.0,1880.162837574012,0.1049457999997685,4.552854061126709,256.0,0.002675600000202394,182.94508059523852,244.3848168415964,88.0,0.1843229999999494,1,photocopy
0.0,0.0,156.40421342869726,0.28277150000030815,0.041263506209453876,28.180885618458497,0.1552638999996816,206.2756322527446,405.8571222052568,0.2282506999999896,0.4730849582332258,1.1640820383037351,0.2674165000003086,0.0,1740.8484706203217,0.10158899999987625,2.9868698120117188,256.0,0.001991699999962293,175.46740407706727,246.9884062493075,111.0,0.18667490000007092,2,photocopy
5.0,1.0483421514997082,332.4467303219544,0.31478450000031444,0.07961848033111127,47.20810663283926,0.1738775999997415,208.74482703270516,360.66363783340415,0.17952530000002298,0.955506808109296,1.9240018544835369,0.2807298000002447,0.0,1800.800723690666,0.10609199999998964,5.345592021942139,256.0,0.0017490999998699408,179.80529206077736,245.28356910715735,105.0,0.12969380000004094,3,photocopy
0.0,0.0,18.347868511056912,0.29083829999990485,0.004298661180160454,6.966617851125129,0.15943770000012591,183.40190814441928,413.8793861393814,0.2404697000001761,0.20674747574369304,0.30910634382535224,0.26330670000015743,0.0,164.22701085340097,0.10501260000000912,2.1186602115631104,256.0,0.001958599999852595,155.74930887148872,225.32568014734682,82.0,0.15065980000008494,4,photocopy
6.0,1.0483421514997082,298.21126856602865,0.33006669999986116,0.06696489556095907,43.88644318603315,0.16969879999987825,207.65526510960893,384.64957913176386,0.22661479999987932,0.9315440364973575,1.7353727350105805,0.28100620000031995,0.0,1834.6604706897144,0.10906230000000505,5.66712760925293,256.0,0.002039099999819882,178.76090560524176,244.6453674480101,96.0,0.15185089999977208,5,photocopy
2.0,0.0,25.080964652955117,0.3074139999998806,0.006270212034468241,12.660004811982642,0.16063160000021526,186.35359667874667,378.65917016144283,0.22447450000026947,0.3988551416474084,0.4720293196666315,0.2733120999996572,0.0,187.5826375985098,0.10444649999999456,3.68900728225708,254.0,0.0025413000003027264,158.90052196786905,225.9841833115007,90.0,0.1445917000000918,6,photocopy
2.0,0.0,111.95887340560395,0.3100266000001284,0.02048924520963304,24.416453223787453,0.165211200000158,201.63102147746662,382.15460585869016,0.14110159999972893,0.4943922813526203,0.8121778980042312,0.27225989999988087,0.0,937.515858044534,0.10312359999988985,4.029135704040527,256.0,0.002520600000025297,173.1934339727602,239.70756371040818,107.0,0.14881949999971766,7,photocopy
0.0,0.0,13.803470105606916,0.279732999999851,0.004324939974142707,6.869150908033576,0.15228849999994054,180.76137301845816,406.54122336894625,0.20982209999965562,0.20687843948392004,0.2597595430201539,0.2692210000000159,0.0,126.33172730621936,0.10749699999996665,2.4621145725250244,256.0,0.002100400000017544,152.808302251176,224.1588678968509,85.0,0.14228099999991173,8,photocopy
1.0,0.0,60.99770944252736,0.3223587000002226,0.016090951880686592,16.714791200075553,0.16444719999981317,195.15694245868534,390.3607810095634,0.26518339999984164,0.4220448464514766,0.6476933419541563,0.2801518000001124,0.0,459.96779074922915,0.11154400000032183,3.7215261459350586,256.0,0.0024324999999407737,167.543119979466,233.54170941532746,101.0,0.15509530000008453,9,photocopy
0.0,0.0,40.661620650953985,0.2980260000003909,0.005175746064634954,7.089278939391174,0.15644569999994928,183.25808388712872,398.2777989060321,0.19977950000020428,0.22453975653975655,0.352486729526788,0.25011799999992945,0.0,143.5034795443512,0.10486460000038278,2.325810432434082,256.0,0.0019367999998394225,158.51041764242365,225.5797042405788,80.0,0.17029309999998077,10,photocopy
0.0,0.0,848.6770417382804,0.311922400000185,0.020386425259238554,36.21960715936234,0.14699870000004012,218.91507921865232,281.3976749848644,0.2295603000002302,0.18002494456891233,0.7525792423998159,0.2693087999996351,0.0,2089.9449225149992,0.10829550000016752,0.6175012588500977,256.0,0.002038399999946705,193.99331159028557,243.1799554453917,131.0,0.1402219999999943,1,photocopy
0.0,0.0,2057.100926473845,0.29332620000013776,0.044947899428418425,73.67604761339538,0.15898180000021966,225.32634301547836,248.11516320509605,0.25935700000036377,0.3858179111054916,1.5765381990797502,0.2572380000001431,0.0,3580.9178589466655,0.10741019999977652,1.182903528213501,256.0,0.0018954000001940585,203.4860507386053,249.70785793833437,115.0,0.1550873999999567,2,photocopy
0.0,0.0,667.3425900286504,0.2906241000000591,0.0158356940509915,27.822836381655268,0.15229609999960303,216.06688722503378,259.977963041154,0.20127279999996972,0.13787385095681332,0.579941139431275,0.27337379999971745,0.0,1451.5551792687759,0.11543519999986529,0.4818040132522583,256.0,0.002783200000067154,191.8936943301877,239.3760659740272,132.0,0.12746459999971194,3,photocopy
0.0,0.0,708.647112042131,0.28541260000019975,0.01688655973131044,30.453550103468423,0.1448563999997532,215.15950832398957,290.9126637635067,0.19270400000004884,0.13524523713011755,0.5563475584238022,0.2712249999999585,0.0,1635.4861648960728,0.11081460000013976,0.5123922228813171,256.0,0.001640500000121392,190.80308573680477,243.3363294478712,117.0,0.1421997000002193,4,photocopy
0.0,0.0,1050.8878075954049,0.2827082999997401,0.02402075676675219,41.5880764738858,0.1536102000000028,218.65356551959215,240.09304524747662,0.22247680000009495,0.18642084460162264,0.7826423869283734,0.2652074000002358,0.0,2190.4376357185915,0.10509799999999814,0.6941617727279663,256.0,0.0015561000000161584,196.03277627580735,241.60981824830048,150.0,0.17441280000002735,5,photocopy
0.0,0.0,806.133151435907,0.2872059999999692,0.017882812909243213,29.902039065192103,0.14937620000000607,216.97563967171894,256.09012519541415,0.2410558999999921,0.14899176379565388,0.6389259393554756,0.2682988000001387,0.0,2069.9654262543363,0.10636549999981071,0.5788833498954773,256.0,0.001528000000234897,194.08847126395668,243.679233367303,103.0,0.13877210000009654,6,photocopy
0.0,0.0,492.8439727536517,0.27841300000000047,0.0115727662136497,20.603395158144227,0.14058589999967808,211.58633962206184,263.8134183048783,0.19680539999990287,0.09623941124005293,0.4046766311221818,0.2615003999999317,0.0,1153.6739261438534,0.1099171999999271,0.3683815598487854,256.0,0.0024296999999933178,189.409861412621,235.27031694496878,120.0,0.16098890000012034,7,photocopy
0.0,0.0,889.7184301493143,0.2892664999999397,0.01947302105336808,33.56259785933142,0.1492990000001555,214.93754943522586,245.67104652174066,0.35110930000018925,0.1405255217660566,0.5876182785928566,0.2716523999997662,0.0,1816.4258380983272,0.11025560000007317,0.5768686532974243,256.0,0.00204989999974714,195.49530138049622,241.52722435670856,129.0,0.15179260000013528,8,photocopy
0.0,0.0,86.34567106506702,0.2944107000002987,0.0019117289938879302,3.5104206428212508,0.14797810000027312,186.33890550342392,331.7518807772564,0.2717099999999846,0.014161339692470609,0.05718428910662351,0.26759020000008604,0.0,318.72323979259465,0.11340759999984584,0.08621516078710556,256.0,0.0013054999999440042,165.95604521335775,217.68269761699173,92.0,0.1601181999999426,9,photocopy
0.0,0.0,11133.37020493876,0.3628990000001977,0.2149485779978821,323.998830310476,0.19459390000019994,237.60392022326928,187.47795140402982,0.20735289999993256,1.7436904096166865,5.0659748065858095,0.3478440999997474,0.0,8524.22577265939,0.11006440000028306,4.177720069885254,256.0,0.002307799999925919,220.53632132853232,245.58182768059842,143.0,0.16027410000015152,10,photocopy
0.0,0.0,11686.977110431713,0.38825820000010935,0.22163506190953888,328.3151558747969,0.24484460000030595,237.11668800233178,184.52815873724413,0.2425639000002775,1.776601358879614,5.131013681503039,0.33810429999994085,0.0,8105.207962517168,0.11221370000021125,4.227894306182861,256.0,0.0023984999997992418,221.0162950017832,245.0276463455053,164.0,0.1889323999998851,11,photocopy
0.0,0.0,13.595235877097634,0.2800373000000036,0.0003105118575999496,0.6134009158163833,0.14318569999977626,155.31297077788994,552.4792069378268,0.27207029999999577,0.0015957559560127298,0.004944675140638453,0.2551570000000538,0.0,631.170743993791,0.1070543999999245,0.08652523159980774,189.0,0.0016748999996707425,135.7772040461934,214.79330740108713,93.0,0.18364819999987958,12,photocopy
2.0,0.0,199.76949398352752,0.3221106000000873,0.031348158023959814,42.610160189461894,0.16770339999993666,215.86962609433934,281.94540505229617,0.21066300000029514,0.5486301426231802,0.9279713166058642,0.29430890000003274,0.0,1687.2945508739917,0.11020279999956983,4.208042144775391,256.0,0.0021745999997619947,181.92281548462972,244.4472182995161,114.0,0.14744740000014644,1,photocopy
0.0,0.0,223.36673199216276,0.29733029999988503,0.040269937462425284,45.9806445503106,0.16753680000010718,216.61997001652904,263.5295363105222,0.2682666999999128,0.48333549106118423,0.9255443484951077,0.2871175999998741,0.0,1618.6806762063577,0.10953879999988203,3.5173356533050537,256.0,0.0016728999999031657,184.81157154277184,244.69403740722694,102.0,0.15536789999987377,2,photocopy
2.0,0.0,143.34273966487768,0.3376341000002867,0.022976949334403585,31.021829826076726,0.16893519999985074,211.03846385116876,283.23844574819236,0.21163879999994606,0.47550720314813943,0.755581461743356,0.2876141000001553,0.0,1120.1631630265642,0.11577349999970465,3.953179121017456,256.0,0.0020145000003140012,179.25769410252198,240.6511611545638,105.0,0.1842162000002645,3,photocopy
0.0,0.0,3.197641950764784,0.29155450000007477,0.0008081820806453935,4.101178544788809,0.16011589999970965,158.8520066801417,312.0013727897483,0.27003530000001774,0.1569616239808002,0.1515763446612312,0.26601990000017395,0.0,42.74972163137639,0.10692879999987781,2.1402299404144287,206.0,0.0019047999999202148,136.0762199591277,193.96173441438748,93.0,0.1548240999995869,4,photocopy
7.0,2.0966843029993742,268.951716540377,0.3821676999996271,0.014664668864249325,34.71728658613052,0.17335189999994327,200.0659628620146,306.03282953853443,0.2664030000000821,1.0286701770909144,1.5088403637970078,0.298624000000018,0.0,507.15466214269844,0.11023279999972146,5.224467754364014,256.0,0.0012453999997887877,179.61543125824488,232.02613348908287,123.0,0.14432299999998577,1,photocopy
4.0,1.0483421514996663,295.5125744522269,0.3442029999996521,0.019489238327452797,35.691663227767854,0.1655588999997235,206.1726452730404,283.32672174762735,0.18879629999992176,0.7342252460735581,1.2201551222070457,0.3374883999999838,0.0,788.618124389179,0.11065010000038455,4.466385841369629,256.0,0.0015545999999631022,182.87543703871117,233.5884959115816,92.0,0.15751480000017182,2,photocopy
10.0,1.0483421514997082,395.64869897816993,0.3817533999999796,0.05625947429160396,52.82494404786269,0.1747120999998515,213.06449405798574,285.1835056312866,0.19550110000000132,1.0544443393648992,1.789623297201183,0.29163340000013704,0.0,3636.8540574687418,0.10745249999990847,6.1997833251953125,256.0,0.001135099999828526,184.35263779381114,243.05969244572861,106.0,0.18545240000003105,1,photocopy
2.0,0.0,129.73641507944768,0.3067912999999862,0.02519826177073813,28.65583678809951,0.170251499999722,203.76860468606205,315.77485447158296,0.28741390000004685,0.47724848236662726,0.765043729791398,0.27274649999981193,0.0,1435.5103954610006,0.10485269999981028,3.99088716506958,256.0,0.001902800000152638,175.30669342289454,239.26622051109058,109.0,0.13884989999996833,2,photocopy
8.0,1.0483421514997082,389.9422062113738,0.36235149999993155,0.058688266793816134,51.88785154147183,0.17599620000009963,213.01880093174472,267.79414056009847,0.2142214000000422,1.0068378752590366,1.7355473768588494,0.28564579999965645,0.0,3663.6024977645848,0.103368799999771,5.988963603973389,256.0,0.0016510999998899933,183.8740603043408,240.9929437061919,104.0,0.1413006000002497,3,photocopy
1.0,0.0,68.93741369275975,0.2913005999998859,0.013300659454962468,17.52267465929654,0.158428400000048,197.07640811488378,306.83479291359674,0.24538239999992584,0.37154077370728894,0.5347859965586185,0.26707100000021455,0.0,1022.7027045388649,0.10379980000016076,3.5585227012634277,256.0,0.001974199999949633,168.09252292550303,234.2804723448039,110.0,0.14886939999996684,4,photocopy
9.0,1.0483421514997082,357.95505660614583,0.3465598999996473,0.05267737640086638,49.92828847262316,0.17070389999980762,212.0269051856063,290.744651459095,0.2225072999999611,1.0254155594035923,1.6950734703059096,0.28375340000002325,0.0,3571.378282204125,0.10454280000021754,6.150601863861084,256.0,0.001630499999919266,183.33497006352104,243.15062561265654,114.0,0.14859389999992345,5,photocopy
2.0,0.0,96.50284969592846,0.31648249999989275,0.01640126195778311,25.89990543835771,0.1602057000000059,203.1736585252532,322.89771413737486,0.26624619999984134,0.4737217349847674,0.631216974332118,0.2714184999999816,0.0,792.133484684541,0.10378929999978936,4.108837604522705,256.0,0.002186100000017177,173.73488845374774,236.1391136672099,122.0,0.13726639999958934,6,photocopy
8.0,2.0966843029994164,175.9683523133687,0.4017487999999503,0.015225539082748837,36.154248213403676,0.16865820000020904,203.12819174822644,298.9888738311965,0.2061678000000029,1.0411288418204596,1.2816899808342372,0.2782321000004231,0.0,665.2056116891805,0.10694520000015473,5.707421779632568,256.0,0.001616499999727239,177.21003320127946,236.3536130300914,105.0,0.14297810000016398,7,photocopy
0.0,0.0,3.242458179626721,0.28837190000012924,0.0008083293765294569,4.400062936682491,0.1537318000000596,159.33828653740204,309.36168572041834,0.17098029999988285,0.17048444976076554,0.16220048392488706,0.24379839999983233,0.0,41.061775724453184,0.1087959999999839,2.2865588665008545,173.0,0.0023344999999608262,135.50763877499756,194.97626266772573,105.0,0.16643139999996492,8,photocopy
