dpi,sharpness,noise,contrast,edge_density,hist_diff,lbp_variance,lbp_uniformity,glcm_contrast,glcm_homogeneity,glcm_energy,glcm_correlation,high_freq_energy,moire_score,halftone_score,spectral_flatness,page,document_id,document_type,filename
221.12120550745118,187.7410119554264,5.0,52.88751982755021,0.031573929486334244,22309.36052991946,0.005720057412823545,0.18718303119495064,7.757009756420266,0.7884301195236901,0.649615928784696,0.6237279296399497,165.5384412125789,249.98515064559405,99.3032897618073,0.9830947262422983,1,HL25ARU000191509 - GIFT DEED -ORG,original,HL25ARU000191509 - GIFT DEED -ORG.pdf
328.6415595135519,254.0757819983926,4.0,52.333236242133005,0.04017694080238862,22947.87219363184,0.004164232344744676,0.14673157942490003,14.19915953181495,0.7747495479910036,0.6966892806978818,0.3268313161427248,170.24380732337764,265.6444867461248,201.4148327033443,0.9820663241838616,2,HL25ARU000191509 - GIFT DEED -ORG,original,HL25ARU000191509 - GIFT DEED -ORG.pdf
300.55603079555175,269.8426374537393,0.0,48.882862429358134,0.03495805728884146,23756.86433422865,0.006820965272231904,0.21580663553956797,12.20344792932233,0.8294933417144875,0.7924317291866361,0.2863324491928651,166.96513144865605,260.3166620600345,165.18969318251652,0.9793303704404723,3,HL25ARU000191509 - GIFT DEED -ORG,original,HL25ARU000191509 - GIFT DEED -ORG.pdf
329.75362110465545,154.71652438328073,3.0,46.29677679078149,0.02449250457389903,23649.77561825027,0.004023102894332323,0.14306221371417885,8.278853590074398,0.8698514569975934,0.8229772897304198,0.4328812384131758,165.77646900883906,263.35379424989014,143.43884258466636,0.9821950077254689,4,HL25ARU000191509 - GIFT DEED -ORG,original,HL25ARU000191509 - GIFT DEED -ORG.pdf
328.8023538343938,169.7995139520179,5.0,49.24975911908016,0.03443141348587913,22414.321728233437,0.004660477452135989,0.15963395221707416,14.286024282908478,0.6844063864919042,0.41858465785402027,0.23662666416967046,170.51021398328095,269.55047369192175,275.14235882425464,0.9823918520097132,5,HL25ARU000191509 - GIFT DEED -ORG,original,HL25ARU000191509 - GIFT DEED -ORG.pdf
328.58110002141166,202.10555367310235,5.0,54.09137488026516,0.040830242241085266,22047.227894907293,0.0044692041878122805,0.1546608473446578,18.087523730007113,0.648364461608058,0.3905392752229991,0.20774781892113547,171.6662535078342,270.93090922793476,251.0031547829598,0.9821857938686621,6,HL25ARU000191509 - GIFT DEED -ORG,original,HL25ARU000191509 - GIFT DEED -ORG.pdf
328.5987879138941,193.46258887256604,5.0,52.09537311379637,0.038521353970632256,22380.066776073993,0.00452068437654145,0.1559993322516162,17.26362847066844,0.6702560640368732,0.44016960781998377,0.21118264474770912,172.09280602799186,270.5826720291406,297.908456060584,0.9829506760290333,7,HL25ARU000191509 - GIFT DEED -ORG,original,HL25ARU000191509 - GIFT DEED -ORG.pdf
329.34648926365617,174.28572782829258,5.0,54.72242238885084,0.03156609210075169,21978.14765087341,0.004390340967729119,0.1526104036224955,11.59067096889965,0.683590218899052,0.4076231018899454,0.5079866158286032,169.94503741523505,267.2567924530966,175.55482615355712,0.9830148750871053,8,HL25ARU000191509 - GIFT DEED -ORG,original,HL25ARU000191509 - GIFT DEED -ORG.pdf
349.8243623307884,126.66936752974597,6.0,45.14340195159681,0.033674457750304455,20220.294540399846,0.0046358411663522245,0.1589934087866963,11.362922401090385,0.6767057673859274,0.4591377815578726,0.2865805165310476,169.32984359672065,265.5063873649098,214.33788546878225,0.9833810281082855,9,HL25ARU000191509 - GIFT DEED -ORG,original,HL25ARU000191509 - GIFT DEED -ORG.pdf
300.0295832587718,92.82645822969917,0.0,34.06807174466721,0.01618236303856228,24564.252173064233,0.01186406404268416,0.34692720357132656,6.476596950119195,0.9054523119449863,0.8879895979474499,0.2298639730116652,164.97533914250795,259.33639549691117,290.7816946619567,0.9816462615548982,10,HL25ARU000191509 - GIFT DEED -ORG,original,HL25ARU000191509 - GIFT DEED -ORG.pdf
301.3494000080682,60.30540875849554,0.0,29.779022076155194,0.014981671275512337,24587.10322025122,0.01255593375566802,0.36491581610890694,4.565731799583077,0.8794145695750332,0.8516560968915933,0.24264280889533132,158.84443607878467,259.9405115927226,219.18936593906147,0.9786934615953652,11,HL25ARU000191509 - GIFT DEED -ORG,original,HL25ARU000191509 - GIFT DEED -ORG.pdf
300.3923402116134,174.8842245306726,6.0,40.36321558645336,0.032743820641738745,23469.405777827156,0.005174038206248865,0.17298653182400892,8.929773167326998,0.7677143150794444,0.6460534670064005,0.2738480945947429,173.77931508317315,264.3565401111143,255.47336597873536,0.9853856502297432,12,HL25ARU000191509 - GIFT DEED -ORG,original,HL25ARU000191509 - GIFT DEED -ORG.pdf
300.7020334870077,196.5129758794839,2.0,46.69000356559785,0.02681064660448771,23340.81257187004,0.004324916793871984,0.15090937510221003,8.088111813108396,0.793757042602783,0.7046070813028246,0.49590224195881255,173.45824096809594,259.8235499423583,204.37047050706053,0.9834497082560907,13,HL25ARU000191509 - GIFT DEED -ORG,original,HL25ARU000191509 - GIFT DEED -ORG.pdf
301.2815447012349,274.9679732797287,3.0,58.55474831694124,0.034958593054703,21914.68620011014,0.005109417247707278,0.17130638690192773,9.940547546486352,0.7033779775681084,0.5736412326701258,0.5954271885530648,177.98227817441324,260.8575607016345,168.66624793761957,0.9848312178960309,14,HL25ARU000191509 - GIFT DEED -ORG,original,HL25ARU000191509 - GIFT DEED -ORG.pdf
328.4203057005699,110.48549505134002,3.0,33.26818243242307,0.020521742724180614,24220.661410606957,0.003917987544203222,0.14032921461082223,4.8257496192582945,0.9052718710729301,0.867371199120048,0.3012924943474878,162.39385441869226,259.5593909040487,199.99572212451085,0.980609398727622,15,HL25ARU000191509 - GIFT DEED -ORG,original,HL25ARU000191509 - GIFT DEED -ORG.pdf
328.57370420671873,116.56274627736373,3.0,43.02200345893218,0.02113536042941046,23547.480027164587,0.0038921032223336103,0.13965622224221233,5.532140973959596,0.8666328264410552,0.8000713857567919,0.5720277173111351,168.30452651187244,262.718151505359,127.78949520767094,0.9838544804443714,16,HL25ARU000191509 - GIFT DEED -ORG,original,HL25ARU000191509 - GIFT DEED -ORG.pdf
330.3418211081723,241.25595252364172,4.0,58.941496451666296,0.036823920558808725,22266.071873189834,0.00386550927803736,0.1389647796905098,12.356453674144996,0.7534602966525251,0.6598778967358966,0.5156910514234835,174.31839170127355,268.2697736243534,191.04527801729586,0.9845315207925756,17,HL25ARU000191509 - GIFT DEED -ORG,original,HL25ARU000191509 - GIFT DEED -ORG.pdf
220.34842045051374,181.55191570489384,4.0,52.2399098340836,0.030054628780169186,22427.245210653244,0.005183301672264642,0.17322738194041915,8.191405925095756,0.7991789413748324,0.6834498555872539,0.6055088771962036,166.33110594846528,249.5916389763972,103.71150827173628,0.984116647989938,1,HL25ARU000191509 - MORTAGE DEED- ORG,original,HL25ARU000191509 - MORTAGE DEED- ORG.pdf
328.0575487477282,184.82850728826338,3.0,43.86718604816268,0.028114081631558804,23385.543363426343,0.004238850720865073,0.14867165720403036,7.8043285592911005,0.8324279402617165,0.7644749547395854,0.4799298105117969,171.85849109874414,262.0616336417863,270.7974733051672,0.9838770156651858,2,HL25ARU000191509 - MORTAGE DEED- ORG,original,HL25ARU000191509 - MORTAGE DEED- ORG.pdf
327.6195406733605,230.35012231232218,4.0,51.284142219000394,0.038440465727147384,23138.426793189403,0.004094785987695763,0.14492597414162828,14.661613639202448,0.7863030322132453,0.7281136425636526,0.29841054522350247,168.6700285084145,266.7705907928111,170.9562119258857,0.9814504028173288,3,HL25ARU000191509 - MORTAGE DEED- ORG,original,HL25ARU000191509 - MORTAGE DEED- ORG.pdf
328.79785428279735,51.239816096485654,3.0,25.62662495061735,0.013690540367160862,24491.35015422184,0.00378024569817365,0.13674792661405338,3.2688938440094777,0.9376250089565472,0.9086030520132856,0.31060960288634376,158.08022319937348,258.2779015930738,228.62205831771138,0.9810978334439837,4,HL25ARU000191509 - MORTAGE DEED- ORG,original,HL25ARU000191509 - MORTAGE DEED- ORG.pdf
300.55603079555175,260.2645379887142,0.0,47.07355309670895,0.034917804417757485,23847.78876502237,0.007202506214115191,0.22572670002853346,12.304360711323085,0.8294090169853455,0.7950437512256961,0.22646074327152543,166.1596305191137,261.49691942049304,174.03894547162474,0.9792047069226554,5,HL25ARU000191509 - MORTAGE DEED- ORG,original,HL25ARU000191509 - MORTAGE DEED- ORG.pdf
328.32447042346473,112.55649020048779,3.0,44.37132908286039,0.024141733248497506,23666.0159809577,0.003957566154626829,0.14135825848183603,8.334788543559254,0.8685702461780657,0.8262569206748062,0.4413069408874974,165.970326323188,264.01371727553175,173.4704313833025,0.982825477718909,6,HL25ARU000191509 - MORTAGE DEED- ORG,original,HL25ARU000191509 - MORTAGE DEED- ORG.pdf
300.7653892422445,79.61813770107898,0.0,35.02779394393741,0.020116528033121757,24357.783681003904,0.01185500588083995,0.3466916913633772,6.615533629727682,0.8569892176934674,0.8255851196445315,0.2307339784642758,159.82291040965413,261.8589688313602,270.4508458814857,0.978681161263912,7,HL25ARU000191509 - MORTAGE DEED- ORG,original,HL25ARU000191509 - MORTAGE DEED- ORG.pdf
300.118022721184,80.5547357439836,0.0,34.46689024055471,0.019522093971813655,24411.996736317054,0.014898928164380572,0.4258336707354333,6.474666593476726,0.8588421812865273,0.8296511982665987,0.2308257646253332,159.87154964113324,261.16664029682727,291.0755217945849,0.9787114904648738,8,HL25ARU000191509 - MORTAGE DEED- ORG,original,HL25ARU000191509 - MORTAGE DEED- ORG.pdf
300.7595967160514,95.29395661132217,0.0,34.68956101694828,0.022830856493233395,24280.679934246335,0.009601447541878241,0.28809917455037276,6.484444161750574,0.8378141261663651,0.8000072700439379,0.23066276933936655,162.65631978021185,261.088916260033,266.84601327298947,0.9803319750880558,9,HL25ARU000191509 - MORTAGE DEED- ORG,original,HL25ARU000191509 - MORTAGE DEED- ORG.pdf
300.5206550105869,21.93584405428083,0.0,23.246779767226474,0.005369621272160825,25046.021702818463,0.02186851551402741,0.6070429418262511,2.6682135758924463,0.9639871483871452,0.9554585896583067,0.33105344141496035,148.42739356134146,254.87907227385736,253.29381635846582,0.9762230772578947,10,HL25ARU000191509 - MORTAGE DEED- ORG,original,HL25ARU000191509 - MORTAGE DEED- ORG.pdf
300.991142606823,79.49619943671762,0.0,32.9724184062533,0.019621662656063816,24424.34492430264,0.013872566337570065,0.3991482632383601,5.729575234202528,0.8563748806802661,0.8231302485979876,0.25549540972411894,160.11673245944397,260.5829168648048,243.64528280437963,0.9792682427518833,11,HL25ARU000191509 - MORTAGE DEED- ORG,original,HL25ARU000191509 - MORTAGE DEED- ORG.pdf
300.56342661024473,21.59551507141968,0.0,21.883023144419642,0.00509146005706515,25075.722207224746,0.021844495393512315,0.6064184186928586,2.3471494416889676,0.966740548501604,0.9567810208445765,0.32039756860672136,148.38918730119508,253.84998789184675,279.37420033573164,0.976003647373226,12,HL25ARU000191509 - MORTAGE DEED- ORG,original,HL25ARU000191509 - MORTAGE DEED- ORG.pdf
301.36419163745404,93.39356448498842,0.0,55.29688855405279,0.018922175841420846,23262.59700240417,0.013138219841392022,0.380055254337731,7.725808375488808,0.8426516071480846,0.7840608965062321,0.6508867004483605,163.51894766266966,262.5280704582965,212.8680662847604,0.9800192058223073,13,HL25ARU000191509 - MORTAGE DEED- ORG,original,HL25ARU000191509 - MORTAGE DEED- ORG.pdf
300.67405351673574,84.76056012501736,0.0,43.80086722856135,0.020926070873624806,23973.485484807035,0.012224661179891157,0.3563027291387086,7.931491226833233,0.8345774362756421,0.7855383902897453,0.43103084865721325,160.16836050583655,260.9648442857276,284.3614789173929,0.9788306518109645,14,HL25ARU000191509 - MORTAGE DEED- ORG,original,HL25ARU000191509 - MORTAGE DEED- ORG.pdf
300.8702236225425,112.82546098319084,0.0,45.37612591038201,0.028560585518326083,23648.98197455989,0.008724486531303933,0.26529818827544066,9.03883392227008,0.7806454141201017,0.7237177954486306,0.3881012782463895,162.7202842363307,261.49806037376305,301.971051008769,0.9793842326518398,15,HL25ARU000191509 - MORTAGE DEED- ORG,original,HL25ARU000191509 - MORTAGE DEED- ORG.pdf
301.0397067326739,92.61209069907594,0.0,43.60723291123774,0.0223318335281012,23917.489816123758,0.012072439087332897,0.35234495473219374,8.105569615569763,0.817450590506859,0.7698595509490093,0.41127545960634526,161.66399472902316,260.75246121549145,276.5372856678664,0.9793738651553654,16,HL25ARU000191509 - MORTAGE DEED- ORG,original,HL25ARU000191509 - MORTAGE DEED- ORG.pdf
300.5280508252798,138.45563719553223,0.0,44.408085073045356,0.025081966035016952,23852.348068198928,0.0092421959020949,0.2787586319160059,8.26508493570764,0.811665508820368,0.7618174092444415,0.409881732255593,167.56139684963253,260.2609954659015,298.2268016924162,0.9810906265313665,17,HL25ARU000191509 - MORTAGE DEED- ORG,original,HL25ARU000191509 - MORTAGE DEED- ORG.pdf
300.56342661024473,89.06202598563671,0.0,44.491235405961355,0.020763835474691645,23962.98884544637,0.01333661673290877,0.3852135735171664,8.275421100075214,0.8330371687321634,0.7902767122792137,0.4305017292987616,162.19277750553132,260.6839231466194,272.6551701980825,0.9800261758598823,18,HL25ARU000191509 - MORTAGE DEED- ORG,original,HL25ARU000191509 - MORTAGE DEED- ORG.pdf
300.50296711810444,34.42254805673406,0.0,28.38406008828341,0.008449309454523575,24686.152637293177,0.01842739481507807,0.5175738036535683,3.227879834260781,0.9288671125031022,0.8830778085791066,0.4210112053517238,153.72211597038742,256.58293287372845,276.4810250241602,0.978471012663306,19,HL25ARU000191509 - MORTAGE DEED- ORG,original,HL25ARU000191509 - MORTAGE DEED- ORG.pdf
319.354071266691,82.01563278866327,17.0,44.67290617944288,0.028093832938627557,21539.143845511204,0.005430022884103353,0.1796421334482256,8.331694342073947,0.7288607373027247,0.3362856708693302,0.42179641645556365,163.90752649997788,261.7332601525293,268.3500634869621,0.9824931995531881,20,HL25ARU000191509 - MORTAGE DEED- ORG,original,HL25ARU000191509 - MORTAGE DEED- ORG.pdf
300.5206550105869,239.8775536196269,2.0,55.871736409977785,0.034207294665952265,22272.698294509493,0.006151228952884808,0.19839349123654348,10.206801517541141,0.6942358444630811,0.57485889911196,0.556073005263057,177.0300464245985,262.6199701826916,150.7203242153875,0.9852370571044695,21,HL25ARU000191509 - MORTAGE DEED- ORG,original,HL25ARU000191509 - MORTAGE DEED- ORG.pdf
300.374652319131,86.39981771406559,41.0,50.521667078196536,0.022326274459863495,21052.417082944903,0.006520958539749536,0.2080064604950264,5.210735622738992,0.7471289864204417,0.4613409248778144,0.7085192650690316,169.51625665476814,259.437317443367,196.48019666973119,0.9877936026678913,22,HL25ARU000191509 - MORTAGE DEED- ORG,original,HL25ARU000191509 - MORTAGE DEED- ORG.pdf
300.8879115150249,237.3484418260077,0.0,42.53374515903202,0.020304819989554166,23961.107723134963,0.013498079069231346,0.38941159426155336,6.0574339350932265,0.8564046800930173,0.798927828876311,0.5295494806160466,179.1128620947126,258.4359998943207,129.11189783943215,0.987270559591829,23,HL25ARU000191509 - MORTAGE DEED- ORG,original,HL25ARU000191509 - MORTAGE DEED- ORG.pdf
328.1430919470439,103.40716196427091,3.0,41.4829937591331,0.019704214514525926,23684.894191479343,0.003759304691177044,0.1362034604321416,5.329691407748814,0.8824282675608667,0.8236255661908065,0.5543747144082717,167.33488199438924,263.3148036280101,200.82666590553455,0.983942268466706,24,HL25ARU000191509 - MORTAGE DEED- ORG,original,HL25ARU000191509 - MORTAGE DEED- ORG.pdf
327.997089255588,178.28395769744625,4.0,62.378628226952436,0.03071275667852828,22306.201433195532,0.003729927621865456,0.13543965663004032,10.765401975175983,0.7868796113676169,0.7042502739293494,0.618374880078064,172.2597979914265,266.7470839459706,176.58847552656914,0.9847239422674045,25,HL25ARU000191509 - MORTAGE DEED- ORG,original,HL25ARU000191509 - MORTAGE DEED- ORG.pdf
327.6697080877113,109.23138147862278,3.0,38.85702980149537,0.022741130929431058,24066.455377780992,0.0036100371043615996,0.13232250317494007,7.973401180020666,0.8776040560561297,0.8384802282996463,0.2702665721854083,165.54805977867608,264.46417685292664,158.65762123701808,0.9819840441189921,26,HL25ARU000191509 - MORTAGE DEED- ORG,original,HL25ARU000191509 - MORTAGE DEED- ORG.pdf
328.0974240842895,273.27816076512283,5.0,52.828785008274046,0.047016623609107515,22663.689524022862,0.0030926663379668142,0.11887086324867563,17.514848997924272,0.6852903218553162,0.5860465785820272,0.19843745462119025,175.56816116869788,271.1279184571874,306.5629253558638,0.9829303303253507,1,HL25MLI000187639 - MOE - ORG,original,HL25MLI000187639 - MOE - ORG.pdf
328.6637469576308,176.75990556936452,4.0,41.34580028573216,0.033287907636210236,23616.512980593292,0.0026649009371782825,0.10774896282817381,10.638461200304539,0.7875995112245437,0.7114701055708482,0.19166048212638154,167.99447497632946,265.2728778839021,337.3450516135006,0.9808527884904359,2,HL25MLI000187639 - MOE - ORG,original,HL25MLI000187639 - MOE - ORG.pdf
328.2508225904384,148.97082169490716,3.0,43.74074220093315,0.02786336573877168,23741.885135024633,0.0029847980591838673,0.11606628800031901,9.767417829350812,0.8174959165461985,0.7558426392601829,0.30810614615037235,167.8254123682047,266.60712856866706,300.93709011578784,0.9813991275409594,3,HL25MLI000187639 - MOE - ORG,original,HL25MLI000187639 - MOE - ORG.pdf
300.58561405432357,85.90430236589138,4.0,28.197622465272275,0.021249715582092592,23401.84644577877,0.005890886614169164,0.19162459042993674,3.283572023034368,0.755705396104421,0.4852480507283707,0.4937892239718596,166.2382051771432,251.2589151268546,164.33903142443978,0.9835488659051183,4,HL25MLI000187639 - MOE - ORG,original,HL25MLI000187639 - MOE - ORG.pdf
300.6888451461217,82.91126876034964,5.0,31.43409952742471,0.021520016749572494,23273.177895318313,0.005847642748764344,0.19050024992941142,3.134812504909393,0.7670372118933478,0.5236781065616831,0.6066871787636723,166.35508269094427,250.43459425434705,140.70810493073694,0.9838796250839694,5,HL25MLI000187639 - MOE - ORG,original,HL25MLI000187639 - MOE - ORG.pdf
301.40535994861204,59.618461258183885,3.0,39.28745799706652,0.015383889341437891,23777.192222480997,0.004045910968311255,0.14365522363763109,4.114156659038668,0.8491168624948435,0.7760470056878571,0.6415366591856916,162.86537934830784,254.00416429041238,183.5095073510577,0.982655683776166,6,HL25MLI000187639 - MOE - ORG,original,HL25MLI000187639 - MOE - ORG.pdf
300.48527922562204,155.49185170996552,3.0,35.94675027308468,0.026426406668828183,23566.53466153504,0.004160282325223911,0.14662887891736015,6.537838165816946,0.8159512016905143,0.726016854424581,0.37449261553048324,169.01023645417308,257.0275694673326,149.02117824809596,0.9836927135224252,7,HL25MLI000187639 - MOE - ORG,original,HL25MLI000187639 - MOE - ORG.pdf
300.34667234885904,54.20491924525706,2.0,23.290363545609402,0.01337703006717143,24457.392350864317,0.0041167780630564435,0.14549776810100598,2.614693127201448,0.9254347691409377,0.8876781192781437,0.3284800602318569,160.35327476211074,251.8289913829392,261.7421594705775,0.9822623096255498,8,HL25MLI000187639 - MOE - ORG,original,HL25MLI000187639 - MOE - ORG.pdf
308.08290139361975,201.275439367426,9.0,55.449561435646444,0.04484087043708693,21512.349413372955,0.0029938802884050776,0.11630242596007048,11.51698163762282,0.632369854985701,0.49250557530519806,0.4819647584118714,172.81909452924478,267.51068969955935,280.4693286472791,0.9827654330773121,1,HL25MLI000187639 - SALE DEED - ORG,original,HL25MLI000187639 - SALE DEED - ORG.pdf
308.2362998997686,72.44700146743627,1.0,52.13369715953869,0.0247947931151976,22930.44788797535,0.005800996389077085,0.1892874445775427,10.532095910059143,0.7531407766475837,0.6799183584135369,0.4689128849819952,162.31404224199886,268.9046678557327,280.0474755662889,0.9802808255668313,2,HL25MLI000187639 - SALE DEED - ORG,original,HL25MLI000187639 - SALE DEED - ORG.pdf
294.20395691601766,294.28036536731304,11.0,51.35166735677813,0.04581848020456858,20974.526946629743,0.004878240480580675,0.16529579095663602,10.394598462172524,0.5877922916233346,0.33622695923157314,0.4920509939468565,178.64350701575796,266.1120421540483,112.91672596490659,0.9860642322109154,3,HL25MLI000187639 - SALE DEED - ORG,original,HL25MLI000187639 - SALE DEED - ORG.pdf
294.7879676818414,18.383940229114426,5.0,14.966804475713525,0.011350440186097223,24436.26324923154,0.0043157144145264895,0.15067011323922716,1.048747224576249,0.8949027729026237,0.7538311688076722,0.36236921465202615,154.07157012702902,242.47657469232766,132.03013363304945,0.984035032655471,4,HL25MLI000187639 - SALE DEED - ORG,original,HL25MLI000187639 - SALE DEED - ORG.pdf
294.873510881157,163.5879745892695,10.0,51.03865100665131,0.039794050986313174,21301.577418820325,0.00390406854541415,0.13996732064230638,9.355679126077428,0.6343993660316768,0.43458454675803077,0.5319151502506954,170.33864926711132,266.73927340846154,259.5506540617056,0.9828169564757159,5,HL25MLI000187639 - SALE DEED - ORG,original,HL25MLI000187639 - SALE DEED - ORG.pdf
295.1050567719286,17.686161034688464,5.0,13.805817213814297,0.01145015741840278,24373.573781196195,0.0036999433403489784,0.1346600653106119,1.0817462149317791,0.8824352677609061,0.7294565389748039,0.25721089883526177,152.84401831812264,243.557186417952,163.47392234600935,0.9838318784337138,6,HL25MLI000187639 - SALE DEED - ORG,original,HL25MLI000187639 - SALE DEED - ORG.pdf
300.60169865830613,84.17627639081645,4.0,36.933747970476844,0.0205688923546252,23912.535208011865,0.003238638498989473,0.12266613943526476,6.291117990161717,0.8405455448802138,0.7543976229685901,0.39839999005189514,161.46413060495084,258.1019991897917,282.1566626850548,0.9807749373350332,7,HL25MLI000187639 - SALE DEED - ORG,original,HL25MLI000187639 - SALE DEED - ORG.pdf
300.5161554589905,7.753189615835009,0.0,11.589502456531958,0.004260158826844844,25135.954984629087,0.012989780036567132,0.3761958194122839,0.6552851537426964,0.9676052255585358,0.9513298636520765,0.24586288334128906,142.18471762939308,240.57315256569728,149.47628746825342,0.9788771883861163,8,HL25MLI000187639 - SALE DEED - ORG,original,HL25MLI000187639 - SALE DEED - ORG.pdf
300.1858780280172,45.90456091406306,2.0,27.001654512463066,0.014760195756858037,24285.11584157563,0.004782473380139423,0.16280584634516346,3.198730390443819,0.8552052553725377,0.7446315015804866,0.4023703525881234,158.89856601584987,252.34451791662266,187.49795101563703,0.9816231727502857,9,HL25MLI000187639 - SALE DEED - ORG,original,HL25MLI000187639 - SALE DEED - ORG.pdf
300.0752511215262,9.07906939450311,0.0,11.671504172426278,0.003371034299482395,25179.647322058147,0.017572061444947024,0.4953351360301611,0.6264030983934081,0.9720235650641352,0.9582497576647251,0.2621339297997355,141.73658085244568,242.14027993927098,199.91442624230652,0.9777667606546994,10,HL25MLI000187639 - SALE DEED - ORG,original,HL25MLI000187639 - SALE DEED - ORG.pdf
219.65564466161823,266.98325403846553,2.0,39.16507701605907,0.030380013145951693,24039.120964135825,0.0042624325715394954,0.14928478532156536,7.8883036668251405,0.8482052971598915,0.807825814238357,0.28376291249768987,163.36631256219886,244.24913457426527,198.60691873036285,0.97928197938276,1,LAP1RAW000191412 - PATTA DEED - ORG,original,LAP1RAW000191412 - PATTA DEED - ORG.pdf
305.56258359080766,170.59514528514603,3.0,45.39260615756508,0.03368177252479931,22850.649837733617,0.005001909199703817,0.16851117765383772,9.766401307423706,0.7241183339923151,0.5828535305142838,0.35661060235052194,171.31462398853031,264.89480910799085,193.1752336394094,0.983206987784622,2,LAP1RAW000191412 - PATTA DEED - ORG,original,LAP1RAW000191412 - PATTA DEED - ORG.pdf
305.3207456222466,107.21152895276478,0.0,30.882603587544757,0.01632491909313447,24663.99339602399,0.014501433474037139,0.415498808786504,5.08948568399368,0.9077595140181729,0.8842646804788137,0.2518113372758762,161.59689023379815,257.80193441436217,315.8783484076971,0.9783982977038946,3,LAP1RAW000191412 - PATTA DEED - ORG,original,LAP1RAW000191412 - PATTA DEED - ORG.pdf
302.39939881853155,139.42889370807126,4.0,30.873573282303184,0.024991591953300987,23362.758903082948,0.004690542794434411,0.16041565111683312,5.6747982566102015,0.7503639765923752,0.4805455244200633,0.22483031793982122,163.87266576447104,254.17680913700022,188.94397565441471,0.9817445544383201,4,LAP1RAW000191412 - PATTA DEED - ORG,original,LAP1RAW000191412 - PATTA DEED - ORG.pdf
301.6208212354011,171.42822782737622,5.0,39.8537478918299,0.027232992282041128,23298.778449690417,0.0052948057457148775,0.17612648785012527,6.509754915436948,0.7871762859375723,0.609170945872418,0.4812282714091168,168.4272926532724,255.52849881964408,204.33659456139054,0.9828644201044477,5,LAP1RAW000191412 - PATTA DEED - ORG,original,LAP1RAW000191412 - PATTA DEED - ORG.pdf
300.4351118112712,78.53267836187612,4.0,44.5596899000499,0.0203004831569795,22992.886215971772,0.004748752115858158,0.1619290934738506,5.912295637970352,0.7764144823742081,0.5300895787493085,0.6245203565980743,162.3391715727176,255.40286214109454,166.76804859427352,0.9821927384712671,6,LAP1RAW000191412 - PATTA DEED - ORG,original,LAP1RAW000191412 - PATTA DEED - ORG.pdf
300.7123255647972,92.85399194484702,5.0,26.028835445969516,0.020703552519310643,23900.0761123616,0.005365341749949675,0.17796042396023004,3.924712450742162,0.8291855729574741,0.6345352103806513,0.26697706505925967,163.1706077436662,251.81755883936182,141.65186168934872,0.9818138791478638,7,LAP1RAW000191412 - PATTA DEED - ORG,original,LAP1RAW000191412 - PATTA DEED - ORG.pdf
300.6061982099026,98.14060743617557,4.0,32.766353226866414,0.02093845356568968,23383.477295182962,0.004933383001850368,0.16672949650964808,4.5571377667283,0.7715015149230426,0.539550895251758,0.49818688283063306,162.56840993226493,251.5510043851756,188.3885083872354,0.9830183418117642,8,LAP1RAW000191412 - PATTA DEED - ORG,original,LAP1RAW000191412 - PATTA DEED - ORG.pdf
300.45279970375367,24.72558369771471,5.0,10.065773188141689,0.013478370846344373,24151.325187866776,0.005927100697769753,0.19256615660355203,0.5653973784433501,0.8436398481123047,0.6119352417814662,0.3318963941215956,155.8861938595996,228.54509838527085,50.29751819044992,0.9857428993658516,9,LAP1RAW000191412 - PATTA DEED - ORG,original,LAP1RAW000191412 - PATTA DEED - ORG.pdf
301.7636173498572,223.2775213196261,5.0,36.27827132072592,0.03367376017065549,14447.424269040126,0.007155969310878367,0.22451674054437598,6.800504797917594,0.6938299113040531,0.5110092994119094,0.25022652470386847,177.21792083853384,257.6761298022467,120.10141702738655,0.9868783168961617,10,LAP1RAW000191412 - PATTA DEED - ORG,original,LAP1RAW000191412 - PATTA DEED - ORG.pdf
301.5822388734364,127.21880960315177,5.0,24.714330596051735,0.024931897878974804,14380.921069151776,0.007403201551408589,0.23094477879816175,2.804438905704723,0.7372860952187527,0.49523527039054654,0.2842630577540586,169.8478268381953,244.1774618979976,38.0237400065534,0.9858236342895145,11,LAP1RAW000191412 - PATTA DEED - ORG,original,LAP1RAW000191412 - PATTA DEED - ORG.pdf
300.4293192850781,247.64654253776828,3.0,48.44999952985939,0.037052909580535635,23545.473113112163,0.003701390545867036,0.1346976926540814,13.835819693267789,0.8008054155166745,0.7517548929706686,0.19470995963542362,172.02697018580795,266.93456564560796,330.50784035745136,0.9818415906379726,1,LAP3KLG000188652 - ALIENATION ORDER - ORG,original,LAP3KLG000188652 - ALIENATION ORDER - ORG.pdf
300.35406816355203,301.5934936137346,0.0,51.83098282961941,0.041195512585709304,23523.671597116103,0.008101699929504012,0.24910573662864283,16.05022801965796,0.7812077496803546,0.7466962335430428,0.16557714491335815,170.92586986558956,267.56435281221326,344.05872920364214,0.9798871550235034,2,LAP3KLG000188652 - ALIENATION ORDER - ORG,original,LAP3KLG000188652 - ALIENATION ORDER - ORG.pdf
300.6180935761919,173.43110163351224,3.0,40.28215961821018,0.027425726200765117,24026.9124068391,0.003881983273047284,0.13939310356076784,9.052296311906828,0.8563435045941676,0.8120083151737737,0.23662059740995003,166.6120578821799,261.75224057460264,312.1404896703041,0.9801297218826993,3,LAP3KLG000188652 - ALIENATION ORDER - ORG,original,LAP3KLG000188652 - ALIENATION ORDER - ORG.pdf
334.5203529717211,491.5629833186367,7.0,24.884218843545995,0.01921042869433017,23410.650749090735,0.006530921812898541,0.20826550559690055,3.4257952729575565,0.8413042103701978,0.5036616783341534,0.2641095925114708,190.84379009896614,248.99705335351473,19.73544453642519,0.9938405056910059,1,LAP3KLG000188652 - ORG PLAN,original,LAP3KLG000188652 - ORG PLAN.pdf
327.5794067418799,1284.3165254871794,7.0,35.684348366703794,0.029630979981094402,23458.168532860447,0.0062826402388904395,0.20181018467268988,6.99121150336329,0.862585981039988,0.5760304676759685,0.21451738057222547,199.99121798655233,256.83833785445125,77.60109059307196,0.9946224068335815,2,LAP3KLG000188652 - ORG PLAN,original,LAP3KLG000188652 - ORG PLAN.pdf
310.7562556696936,230.77610936871733,9.0,73.54293021519227,0.03746582615225469,19334.360110641417,0.004702928343095169,0.16073767538201283,10.867117113874142,0.6590534202503379,0.32307520610608614,0.7415501114796865,174.51947431519162,261.6526118237724,82.38900218218545,0.9831322488337548,1,LAP3KLG000188652 - SALE DEED,original,LAP3KLG000188652 - SALE DEED.pdf
310.4391665796064,149.14787919185042,6.0,45.13498748295827,0.02488717278375458,23247.67614103126,0.0034807363408679323,0.1289606833241047,6.987309206395076,0.8141320513110034,0.6509643369763823,0.5401031835260047,167.89962802308483,257.9787491811797,123.20964665150792,0.9834011162887087,2,LAP3KLG000188652 - SALE DEED,original,LAP3KLG000188652 - SALE DEED.pdf
310.66042039258843,378.777594944532,9.0,74.14015142652254,0.039775829883708376,19581.17357292892,0.006064776415510144,0.19614572526480217,11.467117991108653,0.6661643981773316,0.3518892923337121,0.7352453363785014,182.55616329414013,260.111030040125,196.4978494626689,0.9868248089260916,3,LAP3KLG000188652 - SALE DEED,original,LAP3KLG000188652 - SALE DEED.pdf
310.61025297823767,106.00112304465304,5.0,38.110941396342334,0.01598326413209636,23743.146302519774,0.004243821221354269,0.14880089021674947,4.197667716962092,0.8675224364054438,0.696991689643914,0.6472956367467041,169.06863122618773,251.07704008478908,159.95575372656458,0.9865524681167165,4,LAP3KLG000188652 - SALE DEED,original,LAP3KLG000188652 - SALE DEED.pdf
310.8845704686671,198.61100756172974,9.0,72.84846802016426,0.034738560017440516,19395.898874928513,0.004672892022566649,0.15995673104827138,10.490165084632853,0.6587161306588717,0.3213711071687542,0.7493413871218627,173.31320364330819,262.260928023565,212.32238337208753,0.9832205123938057,5,LAP3KLG000188652 - SALE DEED,original,LAP3KLG000188652 - SALE DEED.pdf
311.1395967781142,149.86049983863134,5.0,33.82927987976064,0.023202926866800415,23610.757963534572,0.004664643586302077,0.15974227170539243,6.588800240260437,0.8182265905273725,0.6101695956013297,0.27475228701574034,168.8343923795894,256.9226837528448,204.3831630282113,0.982833684993446,6,LAP3KLG000188652 - SALE DEED,original,LAP3KLG000188652 - SALE DEED.pdf
300.644470257964,80.04998987216034,3.0,26.67961834834793,0.018128284587514323,22062.804645019052,0.004726338824360231,0.16134634789490443,3.8264350279464954,0.7886827027620443,0.5543735560721218,0.2991393158801197,161.71499407619194,253.4955662124692,216.98171693077757,0.9811456730659155,7,LAP3KLG000188652 - SALE DEED,original,LAP3KLG000188652 - SALE DEED.pdf
300.4351118112712,213.36725883787452,0.0,45.697710433683866,0.020596316946411165,23340.843714284838,0.010393162625950495,0.3086837667362513,6.081906095110114,0.8296426202737744,0.7344929779650458,0.6027841604853776,173.0043786060022,258.78638308184213,273.6976116650618,0.9872461726104016,1,HL25ARU000191509 - PHOTO COPY - GIFT DEED,photocopy,HL25ARU000191509 - PHOTO COPY - GIFT DEED.pdf
300.46019551844665,212.66437529303872,0.0,39.12594220902626,0.026315005004220085,24139.052163952234,0.014687890843578098,0.420346700394569,7.839868831554298,0.8312974774075297,0.7948785233136971,0.34093577750774884,171.182652430908,257.84211478888864,192.43690815077014,0.9842938297901437,2,HL25ARU000191509 - PHOTO COPY - GIFT DEED,photocopy,HL25ARU000191509 - PHOTO COPY - GIFT DEED.pdf
300.5737186880342,212.17672522067954,0.0,39.5346647937499,0.026564527288793733,24182.250346682184,0.014150562016026932,0.40637615087823864,8.64538007945597,0.8371702187901701,0.8026620994133884,0.28217368069036136,172.02782488893925,256.6781575011642,158.23702233895608,0.9850308765351189,3,HL25ARU000191509 - PHOTO COPY - GIFT DEED,photocopy,HL25ARU000191509 - PHOTO COPY - GIFT DEED.pdf
300.76249297914796,117.56377346650008,0.0,33.935093286165625,0.015500481028714272,24560.025103648317,0.022463240346530633,0.6225057874713348,5.040447450855783,0.9022400721014168,0.8782023910178771,0.3699917206743177,166.62616950045188,254.17991132043258,238.5721851588858,0.9836993009163112,4,HL25ARU000191509 - PHOTO COPY - GIFT DEED,photocopy,HL25ARU000191509 - PHOTO COPY - GIFT DEED.pdf
300.1858780280172,184.8702520969433,3.0,42.53977512110231,0.028825069997469494,23835.64806661259,0.005144229231501077,0.17221149848056644,9.960319112113076,0.8179939206183938,0.7452245796343172,0.24919833672414235,172.88912865814015,261.2153057723424,282.1968398201336,0.9847500984661856,5,HL25ARU000191509 - PHOTO COPY - GIFT DEED,photocopy,HL25ARU000191509 - PHOTO COPY - GIFT DEED.pdf
300.4556959668502,194.14494552737838,1.0,42.85506175035119,0.03108788243486255,23884.227382443798,0.007329085656910715,0.22901776554121703,10.522615283079164,0.8114524705492795,0.7610847818309018,0.21298712796853925,171.30890453717356,261.5775874789458,324.5912992068288,0.9829955425685971,6,HL25ARU000191509 - PHOTO COPY - GIFT DEED,photocopy,HL25ARU000191509 - PHOTO COPY - GIFT DEED.pdf
300.53094708837637,199.42759122074617,2.0,44.33972926556929,0.03128363536475507,23759.134598622637,0.005469132285560157,0.18065897788610252,11.51053941556607,0.8011985517686,0.7364553751421412,0.22812207292376677,173.28520500796117,262.2793252497863,289.47849262693944,0.9847029220823474,7,HL25ARU000191509 - PHOTO COPY - GIFT DEED,photocopy,HL25ARU000191509 - PHOTO COPY - GIFT DEED.pdf
300.249233783254,166.32633715533433,0.0,46.043618077103034,0.02297752090470723,23745.878828320805,0.009011462519969971,0.27275956398075774,7.263240093540443,0.8335836376622171,0.7709430631475535,0.5309712794755315,171.3488084728998,258.93933118631315,228.77626204375292,0.9852257301429497,8,HL25ARU000191509 - PHOTO COPY - GIFT DEED,photocopy,HL25ARU000191509 - PHOTO COPY - GIFT DEED.pdf
300.13571061366645,352.0797184249776,14.0,43.80229909632439,0.03720958151409088,22215.840878399278,0.00699771149199715,0.22040203725346438,8.82328314568968,0.6958713773219962,0.358643611836225,0.38186830722231657,178.00518343863627,259.67355962098856,236.51838264864722,0.9883018892655165,9,HL25ARU000191509 - PHOTO COPY - GIFT DEED,photocopy,HL25ARU000191509 - PHOTO COPY - GIFT DEED.pdf
300.0929390140086,80.66237534239778,0.0,26.82608125632306,0.012161217222229336,24833.86618733781,0.024798670184126476,0.6832269632488268,3.8142862827181196,0.9194891993420421,0.9037837267166848,0.21161977504056817,165.82472410126036,254.43715036293986,277.6322371052136,0.9838051418359655,10,HL25ARU000191509 - PHOTO COPY - GIFT DEED,photocopy,HL25ARU000191509 - PHOTO COPY - GIFT DEED.pdf
300.70942930170065,251.999849233585,0.0,25.81713877175987,0.01343707000970369,24756.329376494374,0.01676281088520915,0.4742946214769763,3.4986821063236513,0.9005271310238235,0.876710002162071,0.244495288389218,177.16888128812076,256.00615656898594,243.0877071118299,0.9893842111610671,11,HL25ARU000191509 - PHOTO COPY - GIFT DEED,photocopy,HL25ARU000191509 - PHOTO COPY - GIFT DEED.pdf
300.96445561114774,324.645395715921,0.0,33.646633207436736,0.0224401525258562,24360.57890080276,0.011751697357478151,0.3440056697559704,6.195231372850098,0.8492169334482896,0.8108656770983926,0.22936204094137966,180.50802838526715,260.59282319538596,241.67585074448073,0.988931889119039,12,HL25ARU000191509 - PHOTO COPY - GIFT DEED,photocopy,HL25ARU000191509 - PHOTO COPY - GIFT DEED.pdf
300.36725650443805,178.2761274730113,0.0,39.240854387158286,0.01971678084723631,23954.05800191299,0.013638272803909723,0.39305663136319124,5.588722874361831,0.8297266399028511,0.7534786740467033,0.48840769364559794,172.6828665236766,256.7020537319401,231.2252763189843,0.9856393195935361,13,HL25ARU000191509 - PHOTO COPY - GIFT DEED,photocopy,HL25ARU000191509 - PHOTO COPY - GIFT DEED.pdf
300.5457387177623,253.37058166347398,0.0,45.75958110367171,0.026321943856830725,23188.663396632353,0.013286682063933528,0.38391527212381016,6.658969107669172,0.758885898301116,0.648432785981684,0.5515368062388901,176.43586696781608,257.54849622014524,156.37522355471086,0.986549961741771,14,HL25ARU000191509 - PHOTO COPY - GIFT DEED,photocopy,HL25ARU000191509 - PHOTO COPY - GIFT DEED.pdf
300.5486349808588,97.92110720256287,0.0,26.047986976220212,0.012818408076053375,24811.045888768775,0.015621391564173918,0.4446177191300604,4.367131222995123,0.9183461527262552,0.8968097427059402,0.2673310815660728,164.9605221637496,253.1529977228106,218.84798013865253,0.9843006944522282,15,HL25ARU000191509 - PHOTO COPY - GIFT DEED,photocopy,HL25ARU000191509 - PHOTO COPY - GIFT DEED.pdf
300.3347769825697,124.71613601189685,0.0,31.465865311564446,0.013017641312116907,24446.922849797953,0.021798197907726694,0.6052146840624324,2.9943795901552783,0.8975453344182273,0.8503889967518737,0.5457083655039962,167.95566443856018,253.33531067829125,241.68725464274922,0.9848928397720003,16,HL25ARU000191509 - PHOTO COPY - GIFT DEED,photocopy,HL25ARU000191509 - PHOTO COPY - GIFT DEED.pdf
301.0397067326739,265.8581205029402,0.0,46.88256184230604,0.027348446797989034,23431.421736887434,0.010555365072826835,0.31290103035503614,7.464252455426131,0.7998133099202774,0.729982803521843,0.5225503300351448,175.97471526819263,260.59481964669453,282.2335765790234,0.9866980026385617,17,HL25ARU000191509 - PHOTO COPY - GIFT DEED,photocopy,HL25ARU000191509 - PHOTO COPY - GIFT DEED.pdf
300.33188071947313,230.97078788937995,0.0,45.55786191398562,0.020244027405362987,23321.39082494299,0.011737299324825035,0.34363132090698933,6.1258633764706305,0.8322764499189222,0.7402564530695752,0.5913870764624979,173.26639762429397,259.08075322314926,280.9512523523748,0.9874869798454172,1,HL25ARU000191509 - PHOTO COPY - MORTAGE DEED,photocopy,HL25ARU000191509 - PHOTO COPY - MORTAGE DEED.pdf
300.16079432084183,159.05683379314067,0.0,31.919642722461422,0.017025091812468432,24373.600026543936,0.01941354143883455,0.5432136158712367,3.3461529720888734,0.8798683444695623,0.8374109147044022,0.4987990674623672,169.91552434077786,252.7608459745346,196.8565987930061,0.9844890341720642,2,HL25ARU000191509 - PHOTO COPY - MORTAGE DEED,photocopy,HL25ARU000191509 - PHOTO COPY - MORTAGE DEED.pdf
300.41002810409583,479.7487559372077,0.0,43.483363913617055,0.03126397214517553,23933.931409795012,0.009035378050885294,0.2733813677845561,9.32069607923156,0.8318286016133346,0.7902491177089573,0.31067917944659096,182.10410450193635,260.533862779851,170.93517446835074,0.9889160433231503,3,HL25ARU000191509 - PHOTO COPY - MORTAGE DEED,photocopy,HL25ARU000191509 - PHOTO COPY - MORTAGE DEED.pdf
300.76828550534105,87.09532071785034,0.0,20.39150640233824,0.007273742384453728,25077.381766240684,0.021918420296093748,0.6083404661599756,2.1587344453298805,0.9620331462948641,0.9526411928094903,0.28364974851184466,166.88270630713626,250.88396893160694,238.73139649409785,0.9862079045879211,4,HL25ARU000191509 - PHOTO COPY - MORTAGE DEED,photocopy,HL25ARU000191509 - PHOTO COPY - MORTAGE DEED.pdf
300.2389417054645,212.98585772118898,0.0,38.95770753442546,0.02742142092018898,24188.334685611055,0.013256756928607429,0.3831372186053315,8.771037025867953,0.8338330055158162,0.7997160906298585,0.22348039769119085,171.8101363227913,258.46984572880007,211.9594577641339,0.9849798439782185,5,HL25ARU000191509 - PHOTO COPY - MORTAGE DEED,photocopy,HL25ARU000191509 - PHOTO COPY - MORTAGE DEED.pdf
300.61199073609566,257.6425276344119,0.0,33.58491691994076,0.017264919134433475,24521.73454015281,0.019710898699124714,0.5509449046387809,4.564253092158379,0.8979926720742574,0.8708281377423573,0.39566868019971396,175.6666183250489,256.6689074588403,153.5570864362951,0.987899940370716,6,HL25ARU000191509 - PHOTO COPY - MORTAGE DEED,photocopy,HL25ARU000191509 - PHOTO COPY - MORTAGE DEED.pdf
300.734513008876,101.10182830931511,0.0,28.92115371477176,0.01586283951705492,24609.234651649596,0.017073002618904938,0.48235960655306687,4.331120750522541,0.876902895224079,0.8468632349625104,0.23674463614091926,168.81997160016402,258.43815862481904,259.70085048590164,0.9857205552916335,7,HL25ARU000191509 - PHOTO COPY - MORTAGE DEED,photocopy,HL25ARU000191509 - PHOTO COPY - MORTAGE DEED.pdf
300.3923402116134,87.48552919832073,0.0,26.574163778474475,0.014326277030215207,24730.6719365143,0.02103860090022411,0.5854651618673651,3.782930663392644,0.889397449366283,0.8634777607558007,0.23515652940213427,167.79819666986614,256.8898969825995,188.56772896238786,0.985543718732733,8,HL25ARU000191509 - PHOTO COPY - MORTAGE DEED,photocopy,HL25ARU000191509 - PHOTO COPY - MORTAGE DEED.pdf
300.2788170420258,124.26409214232042,0.0,28.441408832273257,0.017544669111798084,24569.599628802378,0.015518434286252252,0.441940829904097,4.163382147097251,0.8618921332574607,0.8244027624380741,0.2478336576280178,170.48481353616572,257.49115290650775,242.915149895879,0.9859570040597534,9,HL25ARU000191509 - PHOTO COPY - MORTAGE DEED,photocopy,HL25ARU000191509 - PHOTO COPY - MORTAGE DEED.pdf
300.33188071947313,22.950524318463977,0.0,19.955022760566013,0.0044208145528902105,25132.80017806834,0.030605685211423546,0.8342093539585507,1.9629150488452123,0.9670939650184486,0.9605595168246149,0.30020263620275706,153.57650455090067,252.26201076486728,221.52514248923018,0.9814337082159801,10,HL25ARU000191509 - PHOTO COPY - MORTAGE DEED,photocopy,HL25ARU000191509 - PHOTO COPY - MORTAGE DEED.pdf
300.61649028769205,101.32551049373673,0.0,26.99796665473474,0.014966044425616411,24671.121237254523,0.016449230126026296,0.4661415217382222,3.547887630244153,0.8834269268215249,0.8512432189575105,0.26810383785003283,168.64536629509684,256.9407590993633,275.86605244540175,0.9857947335889394,11,HL25ARU000191509 - PHOTO COPY - MORTAGE DEED,photocopy,HL25ARU000191509 - PHOTO COPY - MORTAGE DEED.pdf
300.1784822133243,22.469196343192895,0.0,19.12366213701929,0.004369870982299008,25149.726006707195,0.028887409754914915,0.7895341920893262,1.8620747762904388,0.9694520658309043,0.9635993003830338,0.3016380348595486,153.17547732045418,251.24064628892708,239.9956972947613,0.9811601965467204,12,HL25ARU000191509 - PHOTO COPY - MORTAGE DEED,photocopy,HL25ARU000191509 - PHOTO COPY - MORTAGE DEED.pdf
301.3169204861998,118.63537079844738,0.0,36.53716202954839,0.016264061000288453,24335.60405234455,0.01406704475101326,0.4042047019878831,4.982328135305301,0.8610689449306964,0.8167255621377948,0.45481338044487624,169.90141578495604,256.9975053273169,161.5126697371133,0.9860409372680017,13,HL25ARU000191509 - PHOTO COPY - MORTAGE DEED,photocopy,HL25ARU000191509 - PHOTO COPY - MORTAGE DEED.pdf
300.56342661024473,144.11859872717943,0.0,43.013481875262464,0.015039311796011545,23907.64449440824,0.020548608296956226,0.5727253541824003,4.583094801540989,0.8641257210828841,0.8157230344757945,0.6464315573904186,170.60327799118565,257.15356803181544,154.91556588912613,0.9865792558641426,14,HL25ARU000191509 - PHOTO COPY - MORTAGE DEED,photocopy,HL25ARU000191509 - PHOTO COPY - MORTAGE DEED.pdf
300.0929390140086,175.18103619377715,0.0,36.65770963955554,0.02158379152245405,24118.37600779598,0.010804071628023005,0.31936740079013654,5.648432354143162,0.8124195223359288,0.7511196363840368,0.4118643785442408,174.09499446201872,256.8707298195654,265.46145787259377,0.9873169878638387,15,HL25ARU000191509 - PHOTO COPY - MORTAGE DEED,photocopy,HL25ARU000191509 - PHOTO COPY - MORTAGE DEED.pdf
300.15339850614885,102.3157673690205,0.0,34.29112973185066,0.016104315098785165,24381.639670457786,0.01696931557119366,0.47966374331257355,4.674286068569809,0.8558993569460883,0.8123422851209677,0.41388315510379403,168.85556440468267,256.8053515751766,242.60500068643591,0.9856729739892588,16,HL25ARU000191509 - PHOTO COPY - MORTAGE DEED,photocopy,HL25ARU000191509 - PHOTO COPY - MORTAGE DEED.pdf
300.42032018188536,165.73191337979307,0.0,35.06922784948569,0.018878430334464208,24264.187680940697,0.013261382867800209,0.38325749302434386,5.220695722810004,0.8367747209557845,0.7893702838242441,0.41653272661001,173.28655624686638,256.6137090985143,245.34481223281819,0.9870238789269911,17,HL25ARU000191509 - PHOTO COPY - MORTAGE DEED,photocopy,HL25ARU000191509 - PHOTO COPY - MORTAGE DEED.pdf
300.6090944729991,107.58953681153926,0.0,35.63455525332227,0.015205743761610685,24390.865970449075,0.01827689686753811,0.5136608570175293,4.900440683500604,0.8649665505562055,0.8278871515701353,0.45081982896117695,169.9214205908041,256.85967456520063,174.03427774075286,0.9863225501455952,18,HL25ARU000191509 - PHOTO COPY - MORTAGE DEED,photocopy,HL25ARU000191509 - PHOTO COPY - MORTAGE DEED.pdf
300.4351118112712,66.64217174263815,0.0,24.754855936823677,0.007824375302112933,24847.269737185066,0.02203336760181624,0.6113290961087606,2.5605741432929903,0.936449961915442,0.9000562985993251,0.4034369297833393,162.63841370525122,254.43969160802544,149.90128718815347,0.9848223962727088,19,HL25ARU000191509 - PHOTO COPY - MORTAGE DEED,photocopy,HL25ARU000191509 - PHOTO COPY - MORTAGE DEED.pdf
300.1784822133243,228.77692181771388,9.0,40.6836863735675,0.02951163094262333,23038.42680653724,0.0070167914542705835,0.2208981162725736,7.470316184966592,0.7533745052847213,0.5207408426914595,0.3789718837423,174.8785743589217,260.8980671781101,269.5907283438932,0.9877339884768926,20,HL25ARU000191509 - PHOTO COPY - MORTAGE DEED,photocopy,HL25ARU000191509 - PHOTO COPY - MORTAGE DEED.pdf
300.0752511215262,296.3602041259411,0.0,46.39124848740994,0.02694706653267737,23146.495992868975,0.010274375773220875,0.30559530856528117,6.712576650954202,0.7515275406671392,0.6464007491389047,0.5544631915465653,177.5295599990171,259.49985234549905,236.90213265203136,0.98751923471101,21,HL25ARU000191509 - PHOTO COPY - MORTAGE DEED,photocopy,HL25ARU000191509 - PHOTO COPY - MORTAGE DEED.pdf
299.7581620314389,291.6487306832785,2.0,43.61354498805514,0.02483570081227423,22283.57250821497,0.010396673216713935,0.3087750420961008,4.499532819746883,0.755436788145694,0.5012687340669483,0.6577683730641101,174.21999168805107,257.10725321386235,146.7316589516335,0.9878148930476627,22,HL25ARU000191509 - PHOTO COPY - MORTAGE DEED,photocopy,HL25ARU000191509 - PHOTO COPY - MORTAGE DEED.pdf
300.5869070289202,146.40375710367124,0.0,35.53524450957474,0.015177240658854268,24330.921503295325,0.017631348313271216,0.49687659460659,4.361523267262254,0.8798462263861137,0.8347734288824559,0.5104732282662504,170.86946864863165,255.9698605654613,208.99383894868294,0.9854204564635624,23,HL25ARU000191509 - PHOTO COPY - MORTAGE DEED,photocopy,HL25ARU000191509 - PHOTO COPY - MORTAGE DEED.pdf
300.57661495113075,109.15990279292869,0.0,30.32797371572719,0.012383045211889704,24475.12046720597,0.021216635834012544,0.5900940701458645,3.0483747751889054,0.904264326789663,0.8602659782551673,0.5247880054503975,166.24511560268985,254.81313653954163,197.39326793657204,0.98461137779827,24,HL25ARU000191509 - PHOTO COPY - MORTAGE DEED,photocopy,HL25ARU000191509 - PHOTO COPY - MORTAGE DEED.pdf
300.5206550105869,238.98999866911586,0.0,49.908431499059084,0.023304624854558417,23396.308889273787,0.013253419452621552,0.38305044422969875,6.327186393695858,0.823163449693988,0.7597835734250887,0.6421158575766143,174.39137786921353,259.92112670381977,231.63600019710927,0.9866555646717736,25,HL25ARU000191509 - PHOTO COPY - MORTAGE DEED,photocopy,HL25ARU000191509 - PHOTO COPY - MORTAGE DEED.pdf
299.9469363225527,99.60635012612414,0.0,29.609190166460447,0.014530596267950596,24726.89251333002,0.021466301890430313,0.5965853876127266,5.402132028170791,0.9081415024893053,0.891060888909581,0.26566965036506135,165.74042274379235,257.5725740341068,288.1018799249175,0.9830318117528517,26,HL25ARU000191509 - PHOTO COPY - MORTAGE DEED,photocopy,HL25ARU000191509 - PHOTO COPY - MORTAGE DEED.pdf
300.118022721184,291.0841658156949,0.0,41.39403905020798,0.03549014395959121,23713.759120567367,0.008816639703597855,0.2676941707550827,9.261783734708354,0.7661354385345337,0.6987005516055201,0.20996743438261023,178.61369146800567,262.5173681367316,219.5655284918551,0.9867331920045574,1,HL25MLI000187639 - PHOTO COPY - MOE,photocopy,HL25MLI000187639 - PHOTO COPY - MOE.pdf
299.90416472289485,154.314854159177,0.0,29.794973936271383,0.021829019404307707,24527.0394836679,0.015405768626532767,0.4390115227513903,4.875330952685513,0.8610815719736963,0.8273716761174302,0.19089219592360032,171.21529283558738,255.8852854255995,340.98989016481283,0.9846976865718641,2,HL25MLI000187639 - PHOTO COPY - MOE,photocopy,HL25MLI000187639 - PHOTO COPY - MOE.pdf
300.2389417054645,149.61096902711733,0.0,34.331123225632574,0.019514016746211237,24423.76086587514,0.014173410388687947,0.4069702085674251,5.67082513865596,0.8714605635710941,0.8371356831993167,0.32495962564787245,171.81151643986107,258.16758745030825,204.15337501094288,0.985314841027448,3,HL25MLI000187639 - PHOTO COPY - MOE,photocopy,HL25MLI000187639 - PHOTO COPY - MOE.pdf
299.9749162928246,67.05429379693565,0.0,24.440461739260147,0.011548831543286002,24699.84474526593,0.007693787552691931,0.2385000148315287,2.2991808466489836,0.9121317177990479,0.8730310485574592,0.47474184431486344,164.4527085027896,249.59600346336836,187.1300951937456,0.9848694424774407,4,HL25MLI000187639 - PHOTO COPY - MOE,photocopy,HL25MLI000187639 - PHOTO COPY - MOE.pdf
300.0250837071754,96.24123176348377,0.0,30.960406951055027,0.010585817385952413,24434.755875040002,0.015407837613989015,0.4390653164252528,2.7503585651663394,0.8861389119377435,0.8358089005830506,0.5909486274030488,166.5375396832979,250.85268944649334,113.69582415076503,0.9862975677718163,5,HL25MLI000187639 - PHOTO COPY - MOE,photocopy,HL25MLI000187639 - PHOTO COPY - MOE.pdf
300.2212538129821,96.49894757499267,0.0,25.356194331102085,0.011598907636627081,24581.321006103408,0.008956778801642095,0.27133778730423286,1.9771419437043722,0.9009341302679713,0.8494459987117947,0.5487585475345865,166.36192967733362,247.21294496873676,234.44037212659885,0.9861253338216367,6,HL25MLI000187639 - PHOTO COPY - MOE,photocopy,HL25MLI000187639 - PHOTO COPY - MOE.pdf
300.4351118112712,174.44754276834502,0.0,29.561848949680428,0.01857204463150983,24321.02669013689,0.010955561471187158,0.3233061367124045,3.4116322806440187,0.8593816384963464,0.7928257491605377,0.4119070854904361,172.12187440852574,253.63338603767377,256.85920686443296,0.9865468288954878,7,HL25MLI000187639 - PHOTO COPY - MOE,photocopy,HL25MLI000187639 - PHOTO COPY - MOE.pdf
301.04260299577044,41.31058862362753,0.0,17.604450807486742,0.006270614360927341,25084.316291223688,0.02369103429143778,0.6544284300389207,1.4328209430329115,0.9519486903466544,0.937264144047469,0.2823311796936552,159.73218151607537,248.084686496981,208.52919669825576,0.9839058123226485,8,HL25MLI000187639 - PHOTO COPY - MOE,photocopy,HL25MLI000187639 - PHOTO COPY - MOE.pdf
300.9969351330161,356.30340191928315,1.0,43.36084452099627,0.0331578692295261,22873.324266723026,0.006980811063200471,0.2199626261047507,7.396398915795159,0.7045524680432215,0.5862741074923974,0.4410958976776349,179.53845251897303,262.0980607558687,31.677646076857357,0.98857651874581,1,HL25MLI000187639 - PHOTO COPY - SALE DEED,photocopy,HL25MLI000187639 - PHOTO COPY - SALE DEED.pdf
300.48527922562204,156.40421342869726,0.0,41.723476252828235,0.019536171882994557,23715.500417356692,0.014160485679195808,0.4066341661206294,6.286167204568482,0.7981289748487552,0.7390613036704531,0.4901428344572983,172.44136154182556,262.64891829761257,238.78045852718066,0.9872349111399554,2,HL25MLI000187639 - PHOTO COPY - SALE DEED,photocopy,HL25MLI000187639 - PHOTO COPY - SALE DEED.pdf
300.61649028769205,332.4467303219544,5.0,42.43584244115658,0.03272663953633166,22656.037332863805,0.005135241567759222,0.17197781922327823,6.8678668548742445,0.698002655613256,0.5537512753165007,0.46782328654845146,178.41446489371916,263.18025822137923,105.04577114375056,0.9882935742688348,3,HL25MLI000187639 - PHOTO COPY - SALE DEED,photocopy,HL25MLI000187639 - PHOTO COPY - SALE DEED.pdf
301.024915103288,18.347868511056912,0.0,12.815108694560534,0.004829551690652778,25132.130558041903,0.014837748460592569,0.4242429984369452,0.7758107507210358,0.9633710323202168,0.9409054712115154,0.3017717912906561,153.66139677578244,238.77891645446599,155.69592255102873,0.9851354371708632,4,HL25MLI000187639 - PHOTO COPY - SALE DEED,photocopy,HL25MLI000187639 - PHOTO COPY - SALE DEED.pdf
300.1784822133243,298.21126856602865,6.0,42.83293675070289,0.03042392311666885,22541.789172277386,0.003965726663657951,0.14157043171664516,6.454607027523804,0.7121153371438643,0.5591838952496243,0.5147325166576443,177.3828396777076,263.35492926602274,86.61442528889854,0.9887078845662722,5,HL25MLI000187639 - PHOTO COPY - SALE DEED,photocopy,HL25MLI000187639 - PHOTO COPY - SALE DEED.pdf
300.03247952186837,25.080964652955117,2.0,13.696081103677423,0.008776446325889477,24837.95833067772,0.0055637071897443584,0.18311792539489177,0.874399968483239,0.924588331104121,0.8501366659012103,0.26700350419442226,157.5098298517749,241.56961617654147,175.62982630054069,0.9859347961855232,6,HL25MLI000187639 - PHOTO COPY - SALE DEED,photocopy,HL25MLI000187639 - PHOTO COPY - SALE DEED.pdf
300.3923402116134,111.95887340560395,2.0,30.618880744477483,0.016926509457906132,24317.880133984872,0.0042761955943565475,0.1496426239148087,4.041364983266743,0.8716752573474081,0.8161487146140951,0.39572689409786826,169.0620004804499,254.69108712231792,192.95310094790972,0.9867262504950657,7,HL25MLI000187639 - PHOTO COPY - SALE DEED,photocopy,HL25MLI000187639 - PHOTO COPY - SALE DEED.pdf
300.0929390140086,13.803470105606916,0.0,11.2397387561375,0.004761983517710069,25119.31081757795,0.01169290288675389,0.34247701351713966,0.6021298576792227,0.9663564657409994,0.9485073073118251,0.2539871854857266,150.56207937005408,238.57919946220588,189.83241216477532,0.9845301630315456,8,HL25MLI000187639 - PHOTO COPY - SALE DEED,photocopy,HL25MLI000187639 - PHOTO COPY - SALE DEED.pdf
300.7904729494199,60.99770944252736,1.0,21.446859694352206,0.011587394317343775,24630.81502258925,0.005426050571016763,0.17953885330797428,2.1331328677180146,0.8893955182741838,0.826546364759975,0.3652438125258329,163.47244099229022,249.2869373019623,208.0182401832364,0.986100497936428,9,HL25MLI000187639 - PHOTO COPY - SALE DEED,photocopy,HL25MLI000187639 - PHOTO COPY - SALE DEED.pdf
299.7655578461319,40.661620650953985,0.0,11.97929378320572,0.004914585501731847,25136.517549284577,0.012702106688981899,0.3687163123750678,0.740600185208447,0.9678352928763987,0.9519142232428203,0.24593945743225376,159.01104993553696,240.0632210136052,152.89508342329225,0.9871493388843412,10,HL25MLI000187639 - PHOTO COPY - SALE DEED,photocopy,HL25MLI000187639 - PHOTO COPY - SALE DEED.pdf
298.75383108372995,848.6770417382804,0.0,45.715915418101375,0.025116133009202107,24419.723559439106,0.030276336400630967,0.8256462848779437,11.599059617592468,0.9105720874345332,0.9002705883746516,0.20664221400237226,192.66261358309822,260.28999732138584,162.66375480306488,0.9896239739731356,1,LAP1RAW000191412 - PHOTO COPY - PATTA DEED,photocopy,LAP1RAW000191412 - PHOTO COPY - PATTA DEED.pdf
298.3409067165376,2057.100926473845,0.0,59.84077087527086,0.05108075136623009,23585.668650249543,0.024591796271742666,0.6778482415268478,18.121373941297925,0.8386383777038082,0.8177889817302172,0.23109412497457058,202.11643002123338,268.25071271116195,120.85289018769556,0.990727488463823,2,LAP1RAW000191412 - PHOTO COPY - PATTA DEED,photocopy,LAP1RAW000191412 - PHOTO COPY - PATTA DEED.pdf
299.09600388099255,667.3425900286504,0.0,38.09928056103915,0.01930238171418388,24714.769525397413,0.03172459458784034,0.8633009977453873,7.892554245349675,0.9347798836658124,0.9268969621184708,0.2188935567318763,189.90301021433203,258.71532897453255,166.29066202737465,0.9889552014960293,3,LAP1RAW000191412 - PHOTO COPY - PATTA DEED,photocopy,LAP1RAW000191412 - PHOTO COPY - PATTA DEED.pdf
298.8541659124315,708.647112042131,0.0,40.44114445581471,0.021135556075402014,24633.351478852008,0.031214162009151915,0.8500297506994883,9.46209818798697,0.9269549992679046,0.9177333861977757,0.17522784812835415,189.48239318611016,257.01419807617685,170.91813820764676,0.9891242290698998,4,LAP1RAW000191412 - PHOTO COPY - PATTA DEED,photocopy,LAP1RAW000191412 - PHOTO COPY - PATTA DEED.pdf
299.1667554509223,1050.8878075954049,0.0,46.80211144508965,0.02883059891293086,24351.024855349162,0.03025267874843386,0.8250311859208188,10.34073973641341,0.9102430247155792,0.8979158481254372,0.29558114696591004,194.5189336485904,258.96385523636144,234.4216427764435,0.989866653335412,5,LAP1RAW000191412 - PHOTO COPY - PATTA DEED,photocopy,LAP1RAW000191412 - PHOTO COPY - PATTA DEED.pdf
298.75383108372995,806.133151435907,0.0,45.49687270850972,0.020776247817291007,24440.72759800958,0.031846012703122546,0.8664578687427247,8.007321583041653,0.9314958666381972,0.9187743093472652,0.4085677617688291,192.2653388691206,258.73420423005524,193.63858462113063,0.9894525801596169,6,LAP1RAW000191412 - PHOTO COPY - PATTA DEED,photocopy,LAP1RAW000191412 - PHOTO COPY - PATTA DEED.pdf
299.23911030935193,492.8439727536517,0.0,33.96577580659469,0.014319274807395269,24866.557539002595,0.03309391243248584,0.8989032617061704,5.570747180258317,0.9528450164053651,0.9466587310558155,0.21595116919615776,186.46324427012098,253.92901102057766,96.37695589739539,0.9887354846898655,7,LAP1RAW000191412 - PHOTO COPY - PATTA DEED,photocopy,LAP1RAW000191412 - PHOTO COPY - PATTA DEED.pdf
299.0680239107206,889.7184301493143,0.0,42.61954760550993,0.0232841660065549,24539.977215335195,0.03140398706542487,0.854965202162585,8.88019511391288,0.9266037939372498,0.9151270424786252,0.2968327945579378,192.53353164106926,254.4277840309086,218.89882919883237,0.989934694317372,8,LAP1RAW000191412 - PHOTO COPY - PATTA DEED,photocopy,LAP1RAW000191412 - PHOTO COPY - PATTA DEED.pdf
299.5812831066146,86.34567106506702,0.0,17.852821619917528,0.0024452997188125817,25263.4654188773,0.0360380572528577,0.9754510270358386,0.9722064188642858,0.9932666619434292,0.9916450655779051,0.2902664634803272,166.39957985136425,231.95540672220613,10.742604024695629,0.9864108064390567,9,LAP1RAW000191412 - PHOTO COPY - PATTA DEED,photocopy,LAP1RAW000191412 - PHOTO COPY - PATTA DEED.pdf
299.23911030935193,11133.37020493876,0.0,92.3267337917864,0.22461606211002347,19142.595907857845,0.00638539510857441,0.20448181128447313,50.36232189002405,0.40383912830810814,0.32494871864190594,0.08916071461496512,219.7843601693271,269.3509331569646,235.61172927757107,0.9929008222263546,10,LAP1RAW000191412 - PHOTO COPY - PATTA DEED,photocopy,LAP1RAW000191412 - PHOTO COPY - PATTA DEED.pdf
300.6521763865601,11686.977110431713,0.0,90.02892847589139,0.22760454610612024,19374.560762428893,0.0065705743539237055,0.20929647166355483,48.078165705189285,0.4045806271640037,0.32559593619236743,0.07697030099175713,220.3548821117792,268.17619576415933,363.1815188654249,0.9930074284299518,11,LAP1RAW000191412 - PHOTO COPY - PATTA DEED,photocopy,LAP1RAW000191412 - PHOTO COPY - PATTA DEED.pdf
300.48108998792884,13.595235877097634,0.0,25.12311174981696,0.00042682566081861037,25149.233739411866,0.036610417367663954,0.9903323900208013,1.197061461379868,0.9943148508609255,0.9893868680604339,0.5743286036702153,136.94680511575032,216.85459197239456,7.480000000000021,0.9774092481175715,12,LAP1RAW000191412 - PHOTO COPY - PATTA DEED,photocopy,LAP1RAW000191412 - PHOTO COPY - PATTA DEED.pdf
300.8229524712882,199.76949398352752,2.0,41.076691089643425,0.02953915021315056,23905.07320109405,0.004064664455791452,0.14414281431211623,9.4685728852546,0.8183272675291827,0.7728273286803921,0.22002078703253916,173.60564952184708,263.26635914437855,317.599479163149,0.9843067230326096,1,LAP3KLG000188652 - PHOTO COPY - ALIENATION ORDER,photocopy,LAP3KLG000188652 - PHOTO COPY - ALIENATION ORDER.pdf
301.00433094770904,223.36673199216276,0.0,40.23283082516513,0.031875711338091056,23959.073164647914,0.007845639823430867,0.242448173870741,9.427660924685144,0.8024271265091554,0.7633135711653415,0.18023893307729968,172.97371415322573,263.3632037763317,337.1947887501851,0.9827958732242689,2,LAP3KLG000188652 - PHOTO COPY - ALIENATION ORDER,photocopy,LAP3KLG000188652 - PHOTO COPY - ALIENATION ORDER.pdf
301.5410705622785,143.34273966487768,2.0,33.46883868655386,0.02150563356356271,24300.19873068137,0.004159822541449448,0.14661692453922415,5.779158948052391,0.8692369105397849,0.8277523116582949,0.25104099611570885,170.8301190392111,258.3847962914599,317.8295138543406,0.9844921204005598,3,LAP3KLG000188652 - PHOTO COPY - ALIENATION ORDER,photocopy,LAP3KLG000188652 - PHOTO COPY - ALIENATION ORDER.pdf
300.8332445490777,3.197641950764784,0.0,6.538327127895666,0.0028431089802715167,25242.210240380886,0.012654465655871049,0.36747764551418577,0.21279315032700516,0.9904421326591192,0.9839596799957578,0.2525780666991127,135.32362682562683,208.7197763936676,88.7227666551932,0.9833858042804552,4,LAP3KLG000188652 - PHOTO COPY - ALIENATION ORDER,photocopy,LAP3KLG000188652 - PHOTO COPY - ALIENATION ORDER.pdf
301.01172676240196,268.951716540377,7.0,22.520094629967666,0.024067479185734958,24013.750651813498,0.00768091108476361,0.23816522666539228,2.9611912166871677,0.8232388086935353,0.5992726919135846,0.2686447322989864,176.15365073396651,246.468500914372,62.10545146246541,0.9881005552578612,1,LAP3KLG000188652 - PHOTO COPY - PLAN,photocopy,LAP3KLG000188652 - PHOTO COPY - PLAN.pdf
300.8760161487355,295.5125744522269,4.0,28.082345421798,0.02474295794135408,24256.68339539096,0.006247105092824302,0.20088627087497032,3.651207353417277,0.8620277184030946,0.7323722580434668,0.23813317926266678,176.12842609052024,252.4089193233832,265.4581001485065,0.986029404371531,2,LAP3KLG000188652 - PHOTO COPY - PLAN,photocopy,LAP3KLG000188652 - PHOTO COPY - PLAN.pdf
300.9364756408758,395.64869897816993,10.0,60.306335135446105,0.03662046681572911,21251.854127651153,0.005283704669634914,0.17583785987204625,8.56196480022143,0.7126176360887825,0.5012613063625591,0.6886556182185596,179.7386353407314,257.8584013129929,215.8430567580379,0.9877236758768303,1,LAP3KLG000188652 - PHOTO COPY - SALE DEED,photocopy,LAP3KLG000188652 - PHOTO COPY - SALE DEED.pdf
300.7123255647972,129.73641507944768,2.0,37.88813000744429,0.019865427954353004,24056.176349281795,0.006228274399989188,0.2003966728612574,5.590433599029879,0.8667577101161955,0.8024086235809788,0.4963237663214824,168.30655394007707,253.76982525421565,181.98724865190695,0.9846836428165945,2,LAP3KLG000188652 - PHOTO COPY - SALE DEED,photocopy,LAP3KLG000188652 - PHOTO COPY - SALE DEED.pdf
300.41002810409583,389.9422062113738,8.0,60.52770025174081,0.03597083498644659,21431.996908367375,0.005023539449381242,0.16907356414545074,8.208162582451852,0.7302110052123928,0.5447731359511752,0.7065082507288934,179.35566364914172,256.33366013021015,93.54863822658251,0.9871923268406542,3,LAP3KLG000188652 - PHOTO COPY - SALE DEED,photocopy,LAP3KLG000188652 - PHOTO COPY - SALE DEED.pdf
300.35986068974506,68.93741369275975,1.0,31.979723334307707,0.012147453015798327,24452.89979330121,0.007555310622873896,0.2348996146562597,3.0266605549143026,0.9078360885029713,0.8477842241699646,0.6273995112034378,162.64926352109592,247.85015230157933,168.22846824986655,0.9838505266848433,4,LAP3KLG000188652 - PHOTO COPY - SALE DEED,photocopy,LAP3KLG000188652 - PHOTO COPY - SALE DEED.pdf
300.83034828598113,357.95505660614583,9.0,59.76100971539993,0.034612383678460756,21333.20369176893,0.005277888657395717,0.1756866435538271,7.797500161577603,0.7172343968645407,0.5050378154306967,0.7118441456528433,178.17624929888575,258.1395699522255,236.85829238880925,0.9871874766453901,5,LAP3KLG000188652 - PHOTO COPY - SALE DEED,photocopy,LAP3KLG000188652 - PHOTO COPY - SALE DEED.pdf
301.43783947048036,96.50284969592846,2.0,28.14486604488536,0.017954900752502993,24391.619753915107,0.005475059493872716,0.1808130853022291,4.064105348998971,0.8740209812471861,0.7906102052064926,0.28416407137231686,165.37189326740753,252.97154993117988,224.03663104388997,0.9834948631013326,6,LAP3KLG000188652 - PHOTO COPY - SALE DEED,photocopy,LAP3KLG000188652 - PHOTO COPY - SALE DEED.pdf
300.75509716445504,175.9683523133687,8.0,25.79158024800304,0.025063641255293506,23092.918269755348,0.007586015388725979,0.23569793856841395,3.381718593626255,0.7599827511824621,0.4303321431268739,0.3579964543874656,173.2436517006476,251.688847961145,162.12363489424922,0.9875014233762496,7,LAP3KLG000188652 - PHOTO COPY - SALE DEED,photocopy,LAP3KLG000188652 - PHOTO COPY - SALE DEED.pdf
301.0397067326739,3.242458179626721,0.0,6.4079462953783555,0.003050308176642927,25226.314046139065,0.011679434437685274,0.34212683384135556,0.1549226901642113,0.9905617228198488,0.9840802548505415,0.24949005048419248,135.89003531488535,210.182427266646,118.76027512475015,0.9838343554228176,8,LAP3KLG000188652 - PHOTO COPY - SALE DEED,photocopy,LAP3KLG000188652 - PHOTO COPY - SALE DEED.pdf
