1,Memorandum of title deposits/Equitable Mortgage/Registered Mortgage/Intimation of Mortgage proof,Customer Name,Compare with sanction letter,string match
,,Loan Amount,Compare with sanction letter,string match
,,Four boundaries,Compare with Legal report,boundary match
,,Property Address,Compare with sanction letter,address match
,,in favour ,Should be Cholamandalam Investment and finance company limited,
2,"Repayment KIT - ENACH, PDC AND NACH",Account holder Name,Compare with sanction letter,string match
,,Account Number,Compare Rapid system and Cheque/ENACH Copy,string match
,,IFSC Code,Compare Rapid system and Cheque/ENACH Copy,string match
,,Account Type,should be Saving / Current account ,string match
,,Customer Signature,Availability of signature,
,,in favour ,Should be Cholamandalam Investment and finance company limited,
,,ENACH - SPDC,1. PDC not required to collect if the ENACH registered for EMI and Security mandate.,
,,,"2. if the ENACH done for EMI mandate alone, then 1 SPDC required",
,,,"3. if the ENACH not for both EMI and Security mandate, then 5 SPDC required ",
3,Agreement,DPN,Borrowers� signatures in the revenue stamp,
,,DPN,"Lead ID, Customer Name",string match
,,DPN,Loan Amount,string match
,,Schedule Page,All the details of sanction letter should be match,
,,Schedule Page,Availability of borrows signature and Chola Authorized Signature,
4,KYC,Borrowers Name,Compare with RAPID system,string match
,,DOB,Compare with RAPID system,string match
,,Gender,Compare with RAPID system,string match
,,Address,Compare with RAPID system,address match
,,KYC Number,Compare with RAPID system,string match
,,Aadhar Number,First 8 digits has to be masked in Aadhar copy,string match
5,Sanction Letter,Lead ID,Compare with RAPID system,string match
,,KYC Address,Compare with KYC,address match
,,Borrowers Name,Compare with RAPID system,string match
,,Loan Amount,Compare with RAPID system,string match
,,EMI Amount,Compare with RAPID system,string match
,,Tenure,Compare with RAPID system,string match
,,ROI,Compare with RAPID system,string match
,,Property Address,Compare with Legal report,address match
,,Borrowers Signature,Availability of borrows signature,
,,Authorized Signature,Availability of Chola Authorized signature,
6,Legal Report,Lead ID,Compare with sanction letter,string match
,,Customer Name,Compare with sanction letter,string match
,,Property Owner Name,Compare with sanction letter,string match
,,Property Address,Compare with sanction letter,address match
,,Legal Vendor Signature,Availability of vendor signature,
7,Vetting Report,Date,The date should be after legal report,string match
,,Customer Name,Compare with sanction letter,string match
,,Legal Vendor Signature,Availability of vendor signature,
8,Annexure,Date,The date should be greater than the dates of document collected ,string match
,,Lead ID,Compare with RAPID system,string match
,,Branch,Compare with RAPID system,semantic match
,,Customer Name,Compare with RAPID system,string match
,,Authorized Signature,Availability of Chola Authorized signature,

